,trade_value,product,product_description,date,partner,indicator_type,reporter,reporter_ISO
0,2430.723644,TOTAL,All Commodities,2014-01-01,World,Export,Albania,ALB
1,60387.689304,TOTAL,All Commodities,2014-01-01,World,Export,Algeria,DZA
2,95.157707,TOTAL,All Commodities,2014-01-01,World,Export,Andorra,AND
3,58672.36919,TOTAL,All Commodities,2014-01-01,World,Export,Angola,AGO
4,21751.737145,TOTAL,All Commodities,2014-01-01,World,Export,Azerbaijan,AZE
5,68407.381825,TOTAL,All Commodities,2014-01-01,World,Export,Argentina,ARG
6,240444.683866,TOTAL,All Commodities,2014-01-01,World,Export,Australia,AUS
7,169714.98928,TOTAL,All Commodities,2014-01-01,World,Export,Austria,AUT
8,689.194495,TOTAL,All Commodities,2014-01-01,World,Export,Bahamas,BHS
9,23745.958554,TOTAL,All Commodities,2014-01-01,World,Export,Bahrain,BHR
10,1490.190146,TOTAL,All Commodities,2014-01-01,World,Export,Armenia,ARM
11,472201.274292,TOTAL,All Commodities,2014-01-01,World,Export,Belgium,BEL
12,11.968501,TOTAL,All Commodities,2014-01-01,World,Export,Bermuda,BMU
13,13034.220241,TOTAL,All Commodities,2014-01-01,World,Export,Bolivia (Plurinational State of),BOL
14,5892.102201,TOTAL,All Commodities,2014-01-01,World,Export,Bosnia Herzegovina,BIH
15,7915.468175,TOTAL,All Commodities,2014-01-01,World,Export,Botswana,BWA
16,225098.405233,TOTAL,All Commodities,2014-01-01,World,Export,Brazil,BRA
17,358.429021,TOTAL,All Commodities,2014-01-01,World,Export,Belize,BLZ
18,10508.832881,TOTAL,All Commodities,2014-01-01,World,Export,Brunei Darussalam,BRN
19,29386.540311,TOTAL,All Commodities,2014-01-01,World,Export,Bulgaria,BGR
20,11451.86054,TOTAL,All Commodities,2014-01-01,World,Export,Myanmar,MMR
21,141.500677,TOTAL,All Commodities,2014-01-01,World,Export,Burundi,BDI
22,36080.5368,TOTAL,All Commodities,2014-01-01,World,Export,Belarus,BLR
23,6846.019309,TOTAL,All Commodities,2014-01-01,World,Export,Cambodia,KHM
24,5159.519529,TOTAL,All Commodities,2014-01-01,World,Export,Cameroon,CMR
25,475177.176344,TOTAL,All Commodities,2014-01-01,World,Export,Canada,CAN
26,356.780551,TOTAL,All Commodities,2014-01-01,World,Export,Cabo Verde,CPV
27,11295.485897,TOTAL,All Commodities,2014-01-01,World,Export,Sri Lanka,LKA
28,75083.496948,TOTAL,All Commodities,2014-01-01,World,Export,Chile,CHL
29,2342292.69632,TOTAL,All Commodities,2014-01-01,World,Export,China,CHN
30,54794.812015,TOTAL,All Commodities,2014-01-01,World,Export,Colombia,COL
31,6550.00199,TOTAL,All Commodities,2014-01-01,World,Export,Congo,COG
32,11242.661045,TOTAL,All Commodities,2014-01-01,World,Export,Costa Rica,CRI
33,13843.89984,TOTAL,All Commodities,2014-01-01,World,Export,Croatia,HRV
34,1923.547446,TOTAL,All Commodities,2014-01-01,World,Export,Cyprus,CYP
35,174279.451675,TOTAL,All Commodities,2014-01-01,World,Export,Czechia,CZE
36,110748.92125,TOTAL,All Commodities,2014-01-01,World,Export,Denmark,DNK
37,9927.795974,TOTAL,All Commodities,2014-01-01,World,Export,Dominican Rep.,DOM
38,25724.432491,TOTAL,All Commodities,2014-01-01,World,Export,Ecuador,ECU
39,5301.546008,TOTAL,All Commodities,2014-01-01,World,Export,El Salvador,SLV
40,5666.889413,TOTAL,All Commodities,2014-01-01,World,Export,Ethiopia,ETH
41,17465.559809,TOTAL,All Commodities,2014-01-01,World,Export,Estonia,EST
42,1373.264431,TOTAL,All Commodities,2014-01-01,World,Export,Fiji,FJI
43,74338.833529,TOTAL,All Commodities,2014-01-01,World,Export,Finland,FIN
44,566656.165381,TOTAL,All Commodities,2014-01-01,World,Export,France,FRA
45,170.097225,TOTAL,All Commodities,2014-01-01,World,Export,French Polynesia,PYF
46,2861.043298,TOTAL,All Commodities,2014-01-01,World,Export,Georgia,GEO
47,1498157.777815,TOTAL,All Commodities,2014-01-01,World,Export,Germany,DEU
48,10.158527,TOTAL,All Commodities,2014-01-01,World,Export,Kiribati,KIR
49,35755.371471,TOTAL,All Commodities,2014-01-01,World,Export,Greece,GRC
50,540.496243,TOTAL,All Commodities,2014-01-01,World,Export,Greenland,GRL
51,10890.690739,TOTAL,All Commodities,2014-01-01,World,Export,Guatemala,GTM
52,1946.667588,TOTAL,All Commodities,2014-01-01,World,Export,Guinea,GIN
53,4533.347641,TOTAL,All Commodities,2014-01-01,World,Export,Honduras,HND
54,524064.898602,TOTAL,All Commodities,2014-01-01,World,Export,"China, Hong Kong SAR",HKG
55,112536.243771,TOTAL,All Commodities,2014-01-01,World,Export,Hungary,HUN
56,5051.299749,TOTAL,All Commodities,2014-01-01,World,Export,Iceland,ISL
57,176036.194332,TOTAL,All Commodities,2014-01-01,World,Export,Indonesia,IDN
58,90328.134766,TOTAL,All Commodities,2014-01-01,World,Export,Iran,IRN
59,123071.28903,TOTAL,All Commodities,2014-01-01,World,Export,Ireland,IRL
60,68965.008,TOTAL,All Commodities,2014-01-01,World,Export,Israel,ISR
61,529528.733451,TOTAL,All Commodities,2014-01-01,World,Export,Italy,ITA
62,1451.988337,TOTAL,All Commodities,2014-01-01,World,Export,Jamaica,JAM
63,690217.466341,TOTAL,All Commodities,2014-01-01,World,Export,Japan,JPN
64,79458.749145,TOTAL,All Commodities,2014-01-01,World,Export,Kazakhstan,KAZ
65,8385.330134,TOTAL,All Commodities,2014-01-01,World,Export,Jordan,JOR
66,573074.77309,TOTAL,All Commodities,2014-01-01,World,Export,Rep. of Korea,KOR
67,101131.954619,TOTAL,All Commodities,2014-01-01,World,Export,Kuwait,KWT
68,2572.201001,TOTAL,All Commodities,2014-01-01,World,Export,Lao People's Dem. Rep.,LAO
69,3312.205568,TOTAL,All Commodities,2014-01-01,World,Export,Lebanon,LBN
70,13602.81546,TOTAL,All Commodities,2014-01-01,World,Export,Latvia,LVA
71,32394.296287,TOTAL,All Commodities,2014-01-01,World,Export,Lithuania,LTU
72,14790.882956,TOTAL,All Commodities,2014-01-01,World,Export,Luxembourg,LUX
73,1240.02946,TOTAL,All Commodities,2014-01-01,World,Export,"China, Macao SAR",MAC
74,2243.189647,TOTAL,All Commodities,2014-01-01,World,Export,Madagascar,MDG
75,1341.897681,TOTAL,All Commodities,2014-01-01,World,Export,Malawi,MWI
76,234134.976857,TOTAL,All Commodities,2014-01-01,World,Export,Malaysia,MYS
77,144.839922,TOTAL,All Commodities,2014-01-01,World,Export,Maldives,MDV
78,4970.788422,TOTAL,All Commodities,2014-01-01,World,Export,Malta,MLT
79,2662.998582,TOTAL,All Commodities,2014-01-01,World,Export,Mauritius,MUS
80,396881.845729,TOTAL,All Commodities,2014-01-01,World,Export,Mexico,MEX
81,313563.34238,TOTAL,All Commodities,2014-01-01,World,Export,"Other Asia, nes",
82,5774.330896,TOTAL,All Commodities,2014-01-01,World,Export,Mongolia,MNG
83,440.658741,TOTAL,All Commodities,2014-01-01,World,Export,Montenegro,MNE
84,50718.324403,TOTAL,All Commodities,2014-01-01,World,Export,Oman,OMN
85,5983.840058,TOTAL,All Commodities,2014-01-01,World,Export,Namibia,NAM
86,900.858622,TOTAL,All Commodities,2014-01-01,World,Export,Nepal,NPL
87,571347.541556,TOTAL,All Commodities,2014-01-01,World,Export,Netherlands,NLD
88,116.21426,TOTAL,All Commodities,2014-01-01,World,Export,Aruba,ABW
89,1618.988611,TOTAL,All Commodities,2014-01-01,World,Export,New Caledonia,NCL
90,41635.62276,TOTAL,All Commodities,2014-01-01,World,Export,New Zealand,NZL
91,4973.501433,TOTAL,All Commodities,2014-01-01,World,Export,Nicaragua,NIC
92,144611.289843,TOTAL,All Commodities,2014-01-01,World,Export,Norway,NOR
93,11.400373,TOTAL,All Commodities,2014-01-01,World,Export,Palau,PLW
94,24722.182145,TOTAL,All Commodities,2014-01-01,World,Export,Pakistan,PAK
95,12959.956513,TOTAL,All Commodities,2014-01-01,World,Export,Panama,PAN
96,9635.735187,TOTAL,All Commodities,2014-01-01,World,Export,Paraguay,PRY
97,38645.855012,TOTAL,All Commodities,2014-01-01,World,Export,Peru,PER
98,214476.794173,TOTAL,All Commodities,2014-01-01,World,Export,Poland,POL
99,63834.385666,TOTAL,All Commodities,2014-01-01,World,Export,Portugal,PRT
100,131591.553318,TOTAL,All Commodities,2014-01-01,World,Export,Qatar,QAT
101,69877.890844,TOTAL,All Commodities,2014-01-01,World,Export,Romania,ROU
102,497833.528848,TOTAL,All Commodities,2014-01-01,World,Export,Russian Federation,RUS
103,653.364883,TOTAL,All Commodities,2014-01-01,World,Export,Rwanda,RWA
104,341947.182544,TOTAL,All Commodities,2014-01-01,World,Export,Saudi Arabia,SAU
105,14843.348443,TOTAL,All Commodities,2014-01-01,World,Export,Serbia,SRB
106,317544.642257,TOTAL,All Commodities,2014-01-01,World,Export,India,IND
107,409768.670143,TOTAL,All Commodities,2014-01-01,World,Export,Singapore,SGP
108,85976.289112,TOTAL,All Commodities,2014-01-01,World,Export,Slovakia,SVK
109,150217.138752,TOTAL,All Commodities,2014-01-01,World,Export,Viet Nam,VNM
110,30522.102229,TOTAL,All Commodities,2014-01-01,World,Export,Slovenia,SVN
111,92589.50265,TOTAL,All Commodities,2014-01-01,World,Export,South Africa,ZAF
112,3063.74136,TOTAL,All Commodities,2014-01-01,World,Export,Zimbabwe,ZWE
113,318649.311794,TOTAL,All Commodities,2014-01-01,World,Export,Spain,ESP
114,1883.597408,TOTAL,All Commodities,2014-01-01,World,Export,Swaziland,SWZ
115,164680.012839,TOTAL,All Commodities,2014-01-01,World,Export,Sweden,SWE
116,311145.884178,TOTAL,All Commodities,2014-01-01,World,Export,Switzerland,CHE
117,227572.764096,TOTAL,All Commodities,2014-01-01,World,Export,Thailand,THA
118,18.879495,TOTAL,All Commodities,2014-01-01,World,Export,Tonga,TON
119,380339.616263,TOTAL,All Commodities,2014-01-01,World,Export,United Arab Emirates,ARE
120,16759.747696,TOTAL,All Commodities,2014-01-01,World,Export,Tunisia,TUN
121,157610.15769,TOTAL,All Commodities,2014-01-01,World,Export,Turkey,TUR
122,2261.964444,TOTAL,All Commodities,2014-01-01,World,Export,Uganda,UGA
123,53913.302426,TOTAL,All Commodities,2014-01-01,World,Export,Ukraine,UKR
124,4964.13218,TOTAL,All Commodities,2014-01-01,World,Export,North Macedonia,MKD
125,26812.195958,TOTAL,All Commodities,2014-01-01,World,Export,Egypt,EGY
126,511145.442935,TOTAL,All Commodities,2014-01-01,World,Export,United Kingdom,GBR
127,5704.65352,TOTAL,All Commodities,2014-01-01,World,Export,United Rep. of Tanzania,TZA
128,1619742.863865,TOTAL,All Commodities,2014-01-01,World,Export,USA,USA
129,9165.707594,TOTAL,All Commodities,2014-01-01,World,Export,Uruguay,URY
130,50.92162,TOTAL,All Commodities,2014-01-01,World,Export,Samoa,WSM
131,2416.887808,TOTAL,All Commodities,2014-01-01,World,Export,Yemen,YEM
132,9687.918235,TOTAL,All Commodities,2014-01-01,World,Export,Zambia,ZMB
133,23.082464,TOTAL,All Commodities,2014-01-01,World,Export,Antigua and Barbuda,ATG
134,20.701225,TOTAL,All Commodities,2014-01-01,World,Export,Central African Rep.,CAF
135,968.325892,TOTAL,All Commodities,2014-01-01,World,Export,Benin,BEN
136,103.937308,TOTAL,All Commodities,2014-01-01,World,Export,Gambia,GMB
137,943.717389,TOTAL,All Commodities,2014-01-01,World,Export,State of Palestine,PSE
138,1174.049913,TOTAL,All Commodities,2014-01-01,World,Export,Guyana,GUY
139,12985.05343,TOTAL,All Commodities,2014-01-01,World,Export,C么te d'Ivoire,CIV
140,2139.810563,TOTAL,All Commodities,2014-01-01,World,Export,Mauritania,MRT
141,2339.529843,TOTAL,All Commodities,2014-01-01,World,Export,Rep. of Moldova,MDA
142,3.37596,TOTAL,All Commodities,2014-01-01,World,Export,Montserrat,MSR
143,4725.331362,TOTAL,All Commodities,2014-01-01,World,Export,Mozambique,MOZ
144,1049.677035,TOTAL,All Commodities,2014-01-01,World,Export,Niger,NER
145,102878.499711,TOTAL,All Commodities,2014-01-01,World,Export,Nigeria,NGA
146,39.158655,TOTAL,All Commodities,2014-01-01,World,Export,Saint Kitts and Nevis,KNA
147,146.292262,TOTAL,All Commodities,2014-01-01,World,Export,Saint Lucia,LCA
148,49.307191,TOTAL,All Commodities,2014-01-01,World,Export,Saint Vincent and the Grenadines,VCT
149,10.497358,TOTAL,All Commodities,2014-01-01,World,Export,Sao Tome and Principe,STP
150,2750.172137,TOTAL,All Commodities,2014-01-01,World,Export,Senegal,SEN
151,551.249859,TOTAL,All Commodities,2014-01-01,World,Export,Seychelles,SYC
152,279.253408,TOTAL,All Commodities,2014-01-01,World,Export,Sierra Leone,SLE
153,1917.670786,TOTAL,All Commodities,2014-01-01,World,Export,Suriname,SUR
154,803.811338,TOTAL,All Commodities,2014-01-01,World,Export,Togo,TGO
155,14526.144923,TOTAL,All Commodities,2014-01-01,World,Export,Trinidad and Tobago,TTO
156,2845.60323,TOTAL,All Commodities,2014-01-01,World,Export,Burkina Faso,BFA
157,570.534007,TOTAL,ALL COMMODITIES,2014-01-01,World,Export,Afghanistan,AFG
158,480.753438,TOTAL,ALL COMMODITIES,2014-01-01,World,Export,Barbados,BRB
159,458.105732,TOTAL,ALL COMMODITIES,2014-01-01,World,Export,Solomon Isds,SLB
160,84506.036565,TOTAL,ALL COMMODITIES,2014-01-01,World,Export,Iraq,IRQ
161,818.11623,TOTAL,ALL COMMODITIES,2014-01-01,World,Export,Lesotho,LSO
162,23815.815609,TOTAL,ALL COMMODITIES,2014-01-01,World,Export,Morocco,MAR
163,61809.75523,TOTAL,ALL COMMODITIES,2014-01-01,World,Export,Philippines,PHL
164,1929.657032,TOTAL,All Commodities,2015-01-01,World,Export,Albania,ALB
165,34795.951491,TOTAL,All Commodities,2015-01-01,World,Export,Algeria,DZA
166,89.501934,TOTAL,All Commodities,2015-01-01,World,Export,Andorra,AND
167,33047.778909,TOTAL,All Commodities,2015-01-01,World,Export,Angola,AGO
168,11326.841102,TOTAL,All Commodities,2015-01-01,World,Export,Azerbaijan,AZE
169,56787.982272,TOTAL,All Commodities,2015-01-01,World,Export,Argentina,ARG
170,187792.15147,TOTAL,All Commodities,2015-01-01,World,Export,Australia,AUS
171,145277.307185,TOTAL,All Commodities,2015-01-01,World,Export,Austria,AUT
172,442.781375,TOTAL,All Commodities,2015-01-01,World,Export,Bahamas,BHS
173,16684.35312,TOTAL,All Commodities,2015-01-01,World,Export,Bahrain,BHR
174,31734.162419,TOTAL,All Commodities,2015-01-01,World,Export,Bangladesh,BGD
175,1482.667349,TOTAL,All Commodities,2015-01-01,World,Export,Armenia,ARM
176,397739.15669,TOTAL,All Commodities,2015-01-01,World,Export,Belgium,BEL
177,8.62243,TOTAL,All Commodities,2015-01-01,World,Export,Bermuda,BMU
178,8725.919843,TOTAL,All Commodities,2015-01-01,World,Export,Bolivia (Plurinational State of),BOL
179,5099.185764,TOTAL,All Commodities,2015-01-01,World,Export,Bosnia Herzegovina,BIH
180,6319.190972,TOTAL,All Commodities,2015-01-01,World,Export,Botswana,BWA
181,191126.885834,TOTAL,All Commodities,2015-01-01,World,Export,Brazil,BRA
182,313.895185,TOTAL,All Commodities,2015-01-01,World,Export,Belize,BLZ
183,400.400592,TOTAL,All Commodities,2015-01-01,World,Export,Solomon Isds,SLB
184,6352.662492,TOTAL,All Commodities,2015-01-01,World,Export,Brunei Darussalam,BRN
185,25778.745945,TOTAL,All Commodities,2015-01-01,World,Export,Bulgaria,BGR
186,12197.244386,TOTAL,All Commodities,2015-01-01,World,Export,Myanmar,MMR
187,113.790703,TOTAL,All Commodities,2015-01-01,World,Export,Burundi,BDI
188,26660.3946,TOTAL,All Commodities,2015-01-01,World,Export,Belarus,BLR
189,8542.433639,TOTAL,All Commodities,2015-01-01,World,Export,Cambodia,KHM
190,4052.64329,TOTAL,All Commodities,2015-01-01,World,Export,Cameroon,CMR
191,408804.205682,TOTAL,All Commodities,2015-01-01,World,Export,Canada,CAN
192,215.240949,TOTAL,All Commodities,2015-01-01,World,Export,Cabo Verde,CPV
193,10439.729662,TOTAL,All Commodities,2015-01-01,World,Export,Sri Lanka,LKA
194,62033.060412,TOTAL,All Commodities,2015-01-01,World,Export,Chile,CHL
195,2273468.224113,TOTAL,All Commodities,2015-01-01,World,Export,China,CHN
196,35690.766593,TOTAL,All Commodities,2015-01-01,World,Export,Colombia,COL
197,9578.337782,TOTAL,All Commodities,2015-01-01,World,Export,Costa Rica,CRI
198,12843.529322,TOTAL,All Commodities,2015-01-01,World,Export,Croatia,HRV
199,1934.875215,TOTAL,All Commodities,2015-01-01,World,Export,Cyprus,CYP
200,157194.122601,TOTAL,All Commodities,2015-01-01,World,Export,Czechia,CZE
201,625.57791,TOTAL,All Commodities,2015-01-01,World,Export,Benin,BEN
202,94618.816682,TOTAL,All Commodities,2015-01-01,World,Export,Denmark,DNK
203,8384.1084,TOTAL,All Commodities,2015-01-01,World,Export,Dominican Rep.,DOM
204,18330.607692,TOTAL,All Commodities,2015-01-01,World,Export,Ecuador,ECU
205,5509.04769,TOTAL,All Commodities,2015-01-01,World,Export,El Salvador,SLV
206,5027.546076,TOTAL,All Commodities,2015-01-01,World,Export,Ethiopia,ETH
207,13907.60995,TOTAL,All Commodities,2015-01-01,World,Export,Estonia,EST
208,895.159986,TOTAL,All Commodities,2015-01-01,World,Export,Fiji,FJI
209,59682.311206,TOTAL,All Commodities,2015-01-01,World,Export,Finland,FIN
210,493941.214224,TOTAL,All Commodities,2015-01-01,World,Export,France,FRA
211,130.193767,TOTAL,All Commodities,2015-01-01,World,Export,French Polynesia,PYF
212,2204.67625,TOTAL,All Commodities,2015-01-01,World,Export,Georgia,GEO
213,957.810868,TOTAL,All Commodities,2015-01-01,World,Export,State of Palestine,PSE
214,1328549.134465,TOTAL,All Commodities,2015-01-01,World,Export,Germany,DEU
215,10.008709,TOTAL,All Commodities,2015-01-01,World,Export,Kiribati,KIR
216,28289.236579,TOTAL,All Commodities,2015-01-01,World,Export,Greece,GRC
217,394.945064,TOTAL,All Commodities,2015-01-01,World,Export,Greenland,GRL
218,10677.394462,TOTAL,All Commodities,2015-01-01,World,Export,Guatemala,GTM
219,1573.675202,TOTAL,All Commodities,2015-01-01,World,Export,Guinea,GIN
220,4201.473381,TOTAL,All Commodities,2015-01-01,World,Export,Honduras,HND
221,510552.778635,TOTAL,All Commodities,2015-01-01,World,Export,"China, Hong Kong SAR",HKG
222,100296.847323,TOTAL,All Commodities,2015-01-01,World,Export,Hungary,HUN
223,4721.984946,TOTAL,All Commodities,2015-01-01,World,Export,Iceland,ISL
224,150366.281305,TOTAL,All Commodities,2015-01-01,World,Export,Indonesia,IDN
225,124730.515438,TOTAL,All Commodities,2015-01-01,World,Export,Ireland,IRL
226,64062.217,TOTAL,All Commodities,2015-01-01,World,Export,Israel,ISR
227,456988.720336,TOTAL,All Commodities,2015-01-01,World,Export,Italy,ITA
228,11844.759208,TOTAL,All Commodities,2015-01-01,World,Export,C么te d'Ivoire,CIV
229,1262.584854,TOTAL,All Commodities,2015-01-01,World,Export,Jamaica,JAM
230,624873.508116,TOTAL,All Commodities,2015-01-01,World,Export,Japan,JPN
231,45954.426051,TOTAL,All Commodities,2015-01-01,World,Export,Kazakhstan,KAZ
232,7832.976598,TOTAL,All Commodities,2015-01-01,World,Export,Jordan,JOR
233,526753.006361,TOTAL,All Commodities,2015-01-01,World,Export,Rep. of Korea,KOR
234,55161.61844,TOTAL,All Commodities,2015-01-01,World,Export,Kuwait,KWT
235,1441.467621,TOTAL,All Commodities,2015-01-01,World,Export,Kyrgyzstan,KGZ
236,2985.095357,TOTAL,All Commodities,2015-01-01,World,Export,Lao People's Dem. Rep.,LAO
237,2953.388639,TOTAL,All Commodities,2015-01-01,World,Export,Lebanon,LBN
238,603.764579,TOTAL,All Commodities,2015-01-01,World,Export,Lesotho,LSO
239,11493.171324,TOTAL,All Commodities,2015-01-01,World,Export,Latvia,LVA
240,25411.022244,TOTAL,All Commodities,2015-01-01,World,Export,Lithuania,LTU
241,12625.702669,TOTAL,All Commodities,2015-01-01,World,Export,Luxembourg,LUX
242,1339.01262,TOTAL,All Commodities,2015-01-01,World,Export,"China, Macao SAR",MAC
243,2164.461193,TOTAL,All Commodities,2015-01-01,World,Export,Madagascar,MDG
244,1080.100821,TOTAL,All Commodities,2015-01-01,World,Export,Malawi,MWI
245,200210.871947,TOTAL,All Commodities,2015-01-01,World,Export,Malaysia,MYS
246,144.172352,TOTAL,All Commodities,2015-01-01,World,Export,Maldives,MDV
247,3915.447978,TOTAL,All Commodities,2015-01-01,World,Export,Malta,MLT
248,2481.092714,TOTAL,All Commodities,2015-01-01,World,Export,Mauritius,MUS
249,380527.499675,TOTAL,All Commodities,2015-01-01,World,Export,Mexico,MEX
250,280019.266828,TOTAL,All Commodities,2015-01-01,World,Export,"Other Asia, nes",
251,4669.280457,TOTAL,All Commodities,2015-01-01,World,Export,Mongolia,MNG
252,1966.837314,TOTAL,All Commodities,2015-01-01,World,Export,Rep. of Moldova,MDA
253,353.079512,TOTAL,All Commodities,2015-01-01,World,Export,Montenegro,MNE
254,22036.819983,TOTAL,All Commodities,2015-01-01,World,Export,Morocco,MAR
255,31926.51634,TOTAL,All Commodities,2015-01-01,World,Export,Oman,OMN
256,4628.291751,TOTAL,All Commodities,2015-01-01,World,Export,Namibia,NAM
257,660.181989,TOTAL,All Commodities,2015-01-01,World,Export,Nepal,NPL
258,437329.137204,TOTAL,All Commodities,2015-01-01,World,Export,Netherlands,NLD
259,79.882205,TOTAL,All Commodities,2015-01-01,World,Export,Aruba,ABW
260,1238.945615,TOTAL,All Commodities,2015-01-01,World,Export,New Caledonia,NCL
261,34357.358629,TOTAL,All Commodities,2015-01-01,World,Export,New Zealand,NZL
262,4667.365609,TOTAL,All Commodities,2015-01-01,World,Export,Nicaragua,NIC
263,789.770313,TOTAL,All Commodities,2015-01-01,World,Export,Niger,NER
264,104800.054672,TOTAL,All Commodities,2015-01-01,World,Export,Norway,NOR
265,6.384671,TOTAL,All Commodities,2015-01-01,World,Export,Palau,PLW
266,22089.018057,TOTAL,All Commodities,2015-01-01,World,Export,Pakistan,PAK
267,11347.87226,TOTAL,All Commodities,2015-01-01,World,Export,Panama,PAN
268,8327.546291,TOTAL,All Commodities,2015-01-01,World,Export,Paraguay,PRY
269,33667.006869,TOTAL,All Commodities,2015-01-01,World,Export,Peru,PER
270,194461.15727,TOTAL,All Commodities,2015-01-01,World,Export,Poland,POL
271,55258.687378,TOTAL,All Commodities,2015-01-01,World,Export,Portugal,PRT
272,77971.079194,TOTAL,All Commodities,2015-01-01,World,Export,Qatar,QAT
273,60605.047667,TOTAL,All Commodities,2015-01-01,World,Export,Romania,ROU
274,343907.651828,TOTAL,All Commodities,2015-01-01,World,Export,Russian Federation,RUS
275,578.693958,TOTAL,All Commodities,2015-01-01,World,Export,Rwanda,RWA
276,180.596808,TOTAL,All Commodities,2015-01-01,World,Export,Saint Lucia,LCA
277,201491.759864,TOTAL,All Commodities,2015-01-01,World,Export,Saudi Arabia,SAU
278,2611.671966,TOTAL,All Commodities,2015-01-01,World,Export,Senegal,SEN
279,13378.933798,TOTAL,All Commodities,2015-01-01,World,Export,Serbia,SRB
280,264381.003631,TOTAL,All Commodities,2015-01-01,World,Export,India,IND
281,346638.023572,TOTAL,All Commodities,2015-01-01,World,Export,Singapore,SGP
282,75051.295241,TOTAL,All Commodities,2015-01-01,World,Export,Slovakia,SVK
283,162016.74248,TOTAL,All Commodities,2015-01-01,World,Export,Viet Nam,VNM
284,26586.979271,TOTAL,All Commodities,2015-01-01,World,Export,Slovenia,SVN
285,80265.368195,TOTAL,All Commodities,2015-01-01,World,Export,South Africa,ZAF
286,2704.095948,TOTAL,All Commodities,2015-01-01,World,Export,Zimbabwe,ZWE
287,278122.010154,TOTAL,All Commodities,2015-01-01,World,Export,Spain,ESP
288,1746.522159,TOTAL,All Commodities,2015-01-01,World,Export,Swaziland,SWZ
289,140001.205633,TOTAL,All Commodities,2015-01-01,World,Export,Sweden,SWE
290,291959.193895,TOTAL,All Commodities,2015-01-01,World,Export,Switzerland,CHE
291,210883.382473,TOTAL,All Commodities,2015-01-01,World,Export,Thailand,THA
292,709.991555,TOTAL,All Commodities,2015-01-01,World,Export,Togo,TGO
293,333362.349875,TOTAL,All Commodities,2015-01-01,World,Export,United Arab Emirates,ARE
294,14073.487589,TOTAL,All Commodities,2015-01-01,World,Export,Tunisia,TUN
295,143850.376386,TOTAL,All Commodities,2015-01-01,World,Export,Turkey,TUR
296,2267.008685,TOTAL,All Commodities,2015-01-01,World,Export,Uganda,UGA
297,38127.039558,TOTAL,All Commodities,2015-01-01,World,Export,Ukraine,UKR
298,4489.933735,TOTAL,All Commodities,2015-01-01,World,Export,North Macedonia,MKD
299,21967.323008,TOTAL,All Commodities,2015-01-01,World,Export,Egypt,EGY
300,466295.682754,TOTAL,All Commodities,2015-01-01,World,Export,United Kingdom,GBR
301,5854.230521,TOTAL,All Commodities,2015-01-01,World,Export,United Rep. of Tanzania,TZA
302,1501845.863839,TOTAL,All Commodities,2015-01-01,World,Export,USA,USA
303,2177.496616,TOTAL,All Commodities,2015-01-01,World,Export,Burkina Faso,BFA
304,7669.514564,TOTAL,All Commodities,2015-01-01,World,Export,Uruguay,URY
305,58.927552,TOTAL,All Commodities,2015-01-01,World,Export,Samoa,WSM
306,509.857735,TOTAL,All Commodities,2015-01-01,World,Export,Yemen,YEM
307,6983.184373,TOTAL,All Commodities,2015-01-01,World,Export,Zambia,ZMB
308,26.045541,TOTAL,All Commodities,2015-01-01,World,Export,Antigua and Barbuda,ATG
309,96.853681,TOTAL,All Commodities,2015-01-01,World,Export,Central African Rep.,CAF
310,90.120904,TOTAL,All Commodities,2015-01-01,World,Export,Gambia,GMB
311,1285.827944,TOTAL,All Commodities,2015-01-01,World,Export,Guyana,GUY
312,3196.081976,TOTAL,All Commodities,2015-01-01,World,Export,Mozambique,MOZ
313,31.700496,TOTAL,All Commodities,2015-01-01,World,Export,Saint Kitts and Nevis,KNA
314,46.868923,TOTAL,All Commodities,2015-01-01,World,Export,Saint Vincent and the Grenadines,VCT
315,9.223182,TOTAL,All Commodities,2015-01-01,World,Export,Sao Tome and Principe,STP
316,473.849406,TOTAL,All Commodities,2015-01-01,World,Export,Seychelles,SYC
317,93.257547,TOTAL,All Commodities,2015-01-01,World,Export,Sierra Leone,SLE
318,5587.516915,TOTAL,All Commodities,2015-01-01,World,Export,Sudan,SDN
319,10755.571039,TOTAL,All Commodities,2015-01-01,World,Export,Trinidad and Tobago,TTO
320,571.404967,TOTAL,ALL COMMODITIES,2015-01-01,World,Export,Afghanistan,AFG
321,482.751934,TOTAL,ALL COMMODITIES,2015-01-01,World,Export,Barbados,BRB
322,49402.58228,TOTAL,ALL COMMODITIES,2015-01-01,World,Export,Iraq,IRQ
323,58648.08308,TOTAL,ALL COMMODITIES,2015-01-01,World,Export,Philippines,PHL
324,1962.117416,TOTAL,All Commodities,2016-01-01,World,Export,Albania,ALB
325,29992.10147,TOTAL,All Commodities,2016-01-01,World,Export,Algeria,DZA
326,96.912958,TOTAL,All Commodities,2016-01-01,World,Export,Andorra,AND
327,9066.506235,TOTAL,All Commodities,2016-01-01,World,Export,Azerbaijan,AZE
328,57733.350414,TOTAL,All Commodities,2016-01-01,World,Export,Argentina,ARG
329,189629.974559,TOTAL,All Commodities,2016-01-01,World,Export,Australia,AUS
330,144700.690215,TOTAL,All Commodities,2016-01-01,World,Export,Austria,AUT
331,12892.354638,TOTAL,All Commodities,2016-01-01,World,Export,Bahrain,BHR
332,1807.78951,TOTAL,All Commodities,2016-01-01,World,Export,Armenia,ARM
333,398033.26536,TOTAL,All Commodities,2016-01-01,World,Export,Belgium,BEL
334,8.317389,TOTAL,All Commodities,2016-01-01,World,Export,Bermuda,BMU
335,7081.932558,TOTAL,All Commodities,2016-01-01,World,Export,Bolivia (Plurinational State of),BOL
336,5327.578339,TOTAL,All Commodities,2016-01-01,World,Export,Bosnia Herzegovina,BIH
337,7320.705826,TOTAL,All Commodities,2016-01-01,World,Export,Botswana,BWA
338,185235.399101,TOTAL,All Commodities,2016-01-01,World,Export,Brazil,BRA
339,246.162629,TOTAL,All Commodities,2016-01-01,World,Export,Belize,BLZ
340,437.303074,TOTAL,All Commodities,2016-01-01,World,Export,Solomon Isds,SLB
341,4875.075307,TOTAL,All Commodities,2016-01-01,World,Export,Brunei Darussalam,BRN
342,26688.182909,TOTAL,All Commodities,2016-01-01,World,Export,Bulgaria,BGR
343,11672.717466,TOTAL,All Commodities,2016-01-01,World,Export,Myanmar,MMR
344,123.055817,TOTAL,All Commodities,2016-01-01,World,Export,Burundi,BDI
345,23537.3545,TOTAL,All Commodities,2016-01-01,World,Export,Belarus,BLR
346,10069.331577,TOTAL,All Commodities,2016-01-01,World,Export,Cambodia,KHM
347,2130.449501,TOTAL,All Commodities,2016-01-01,World,Export,Cameroon,CMR
348,389071.103128,TOTAL,All Commodities,2016-01-01,World,Export,Canada,CAN
349,60.36108,TOTAL,All Commodities,2016-01-01,World,Export,Cabo Verde,CPV
350,88.451252,TOTAL,All Commodities,2016-01-01,World,Export,Central African Rep.,CAF
351,10545.893296,TOTAL,All Commodities,2016-01-01,World,Export,Sri Lanka,LKA
352,60732.633015,TOTAL,All Commodities,2016-01-01,World,Export,Chile,CHL
353,2097637.171895,TOTAL,All Commodities,2016-01-01,World,Export,China,CHN
354,31044.991243,TOTAL,All Commodities,2016-01-01,World,Export,Colombia,COL
355,9907.873818,TOTAL,All Commodities,2016-01-01,World,Export,Costa Rica,CRI
356,13647.534058,TOTAL,All Commodities,2016-01-01,World,Export,Croatia,HRV
357,1920.371402,TOTAL,All Commodities,2016-01-01,World,Export,Cyprus,CYP
358,162087.33219,TOTAL,All Commodities,2016-01-01,World,Export,Czechia,CZE
359,409.752038,TOTAL,All Commodities,2016-01-01,World,Export,Benin,BEN
360,94729.013059,TOTAL,All Commodities,2016-01-01,World,Export,Denmark,DNK
361,8744.920007,TOTAL,All Commodities,2016-01-01,World,Export,Dominican Rep.,DOM
362,16797.664624,TOTAL,All Commodities,2016-01-01,World,Export,Ecuador,ECU
363,5419.576524,TOTAL,All Commodities,2016-01-01,World,Export,El Salvador,SLV
364,13967.429425,TOTAL,All Commodities,2016-01-01,World,Export,Estonia,EST
365,925.878395,TOTAL,All Commodities,2016-01-01,World,Export,Fiji,FJI
366,57325.871718,TOTAL,All Commodities,2016-01-01,World,Export,Finland,FIN
367,488885.072443,TOTAL,All Commodities,2016-01-01,World,Export,France,FRA
368,2113.733901,TOTAL,All Commodities,2016-01-01,World,Export,Georgia,GEO
369,926.498977,TOTAL,All Commodities,2016-01-01,World,Export,State of Palestine,PSE
370,1340752.04617,TOTAL,All Commodities,2016-01-01,World,Export,Germany,DEU
371,10655.796413,TOTAL,All Commodities,2016-01-01,World,Export,Ghana,GHA
372,10.512926,TOTAL,All Commodities,2016-01-01,World,Export,Kiribati,KIR
373,27810.924841,TOTAL,All Commodities,2016-01-01,World,Export,Greece,GRC
374,552.503681,TOTAL,All Commodities,2016-01-01,World,Export,Greenland,GRL
375,10591.329598,TOTAL,All Commodities,2016-01-01,World,Export,Guatemala,GTM
376,4084.641916,TOTAL,All Commodities,2016-01-01,World,Export,Honduras,HND
377,516588.130933,TOTAL,All Commodities,2016-01-01,World,Export,"China, Hong Kong SAR",HKG
378,103071.198017,TOTAL,All Commodities,2016-01-01,World,Export,Hungary,HUN
379,4449.729754,TOTAL,All Commodities,2016-01-01,World,Export,Iceland,ISL
380,144489.796418,TOTAL,All Commodities,2016-01-01,World,Export,Indonesia,IDN
381,83148.194183,TOTAL,All Commodities,2016-01-01,World,Export,Iran,IRN
382,132009.760447,TOTAL,All Commodities,2016-01-01,World,Export,Ireland,IRL
383,60570.596,TOTAL,All Commodities,2016-01-01,World,Export,Israel,ISR
384,461529.407062,TOTAL,All Commodities,2016-01-01,World,Export,Italy,ITA
385,10604.810362,TOTAL,All Commodities,2016-01-01,World,Export,C么te d'Ivoire,CIV
386,1201.786561,TOTAL,All Commodities,2016-01-01,World,Export,Jamaica,JAM
387,644932.439497,TOTAL,All Commodities,2016-01-01,World,Export,Japan,JPN
388,36775.323403,TOTAL,All Commodities,2016-01-01,World,Export,Kazakhstan,KAZ
389,7509.082521,TOTAL,All Commodities,2016-01-01,World,Export,Jordan,JOR
390,495417.715559,TOTAL,All Commodities,2016-01-01,World,Export,Rep. of Korea,KOR
391,46241.982282,TOTAL,All Commodities,2016-01-01,World,Export,Kuwait,KWT
392,1423.028427,TOTAL,All Commodities,2016-01-01,World,Export,Kyrgyzstan,KGZ
393,3124.168977,TOTAL,All Commodities,2016-01-01,World,Export,Lao People's Dem. Rep.,LAO
394,2976.561583,TOTAL,All Commodities,2016-01-01,World,Export,Lebanon,LBN
395,11469.645227,TOTAL,All Commodities,2016-01-01,World,Export,Latvia,LVA
396,25022.652474,TOTAL,All Commodities,2016-01-01,World,Export,Lithuania,LTU
397,12838.38107,TOTAL,All Commodities,2016-01-01,World,Export,Luxembourg,LUX
398,1256.603099,TOTAL,All Commodities,2016-01-01,World,Export,"China, Macao SAR",MAC
399,2261.351178,TOTAL,All Commodities,2016-01-01,World,Export,Madagascar,MDG
400,1022.154,TOTAL,All Commodities,2016-01-01,World,Export,Malawi,MWI
401,189414.073154,TOTAL,All Commodities,2016-01-01,World,Export,Malaysia,MYS
402,139.59279,TOTAL,All Commodities,2016-01-01,World,Export,Maldives,MDV
403,2847.593565,TOTAL,All Commodities,2016-01-01,World,Export,Mali,MLI
404,4038.642974,TOTAL,All Commodities,2016-01-01,World,Export,Malta,MLT
405,1622.761598,TOTAL,All Commodities,2016-01-01,World,Export,Mauritania,MRT
406,2193.836161,TOTAL,All Commodities,2016-01-01,World,Export,Mauritius,MUS
407,373900.013331,TOTAL,All Commodities,2016-01-01,World,Export,Mexico,MEX
408,280478.676099,TOTAL,All Commodities,2016-01-01,World,Export,"Other Asia, nes",
409,4916.326458,TOTAL,All Commodities,2016-01-01,World,Export,Mongolia,MNG
410,2044.610956,TOTAL,All Commodities,2016-01-01,World,Export,Rep. of Moldova,MDA
411,354.316464,TOTAL,All Commodities,2016-01-01,World,Export,Montenegro,MNE
412,22858.288521,TOTAL,All Commodities,2016-01-01,World,Export,Morocco,MAR
413,24454.713338,TOTAL,All Commodities,2016-01-01,World,Export,Oman,OMN
414,4815.846406,TOTAL,All Commodities,2016-01-01,World,Export,Namibia,NAM
415,728.84644,TOTAL,All Commodities,2016-01-01,World,Export,Nepal,NPL
416,444867.363311,TOTAL,All Commodities,2016-01-01,World,Export,Netherlands,NLD
417,95.029332,TOTAL,All Commodities,2016-01-01,World,Export,Aruba,ABW
418,33869.936061,TOTAL,All Commodities,2016-01-01,World,Export,New Zealand,NZL
419,4591.961798,TOTAL,All Commodities,2016-01-01,World,Export,Nicaragua,NIC
420,927.241624,TOTAL,All Commodities,2016-01-01,World,Export,Niger,NER
421,32883.045467,TOTAL,All Commodities,2016-01-01,World,Export,Nigeria,NGA
422,89628.326847,TOTAL,All Commodities,2016-01-01,World,Export,Norway,NOR
423,6.539681,TOTAL,All Commodities,2016-01-01,World,Export,Palau,PLW
424,20533.792833,TOTAL,All Commodities,2016-01-01,World,Export,Pakistan,PAK
425,11194.931374,TOTAL,All Commodities,2016-01-01,World,Export,Panama,PAN
426,8501.839047,TOTAL,All Commodities,2016-01-01,World,Export,Paraguay,PRY
427,36309.958803,TOTAL,All Commodities,2016-01-01,World,Export,Peru,PER
428,196455.269598,TOTAL,All Commodities,2016-01-01,World,Export,Poland,POL
429,55371.549249,TOTAL,All Commodities,2016-01-01,World,Export,Portugal,PRT
430,57310.548345,TOTAL,All Commodities,2016-01-01,World,Export,Qatar,QAT
431,63581.004346,TOTAL,All Commodities,2016-01-01,World,Export,Romania,ROU
432,285491.052006,TOTAL,All Commodities,2016-01-01,World,Export,Russian Federation,RUS
433,621.605794,TOTAL,All Commodities,2016-01-01,World,Export,Rwanda,RWA
434,119.806601,TOTAL,All Commodities,2016-01-01,World,Export,Saint Lucia,LCA
435,183607.775833,TOTAL,All Commodities,2016-01-01,World,Export,Saudi Arabia,SAU
436,2640.276916,TOTAL,All Commodities,2016-01-01,World,Export,Senegal,SEN
437,14851.777129,TOTAL,All Commodities,2016-01-01,World,Export,Serbia,SRB
438,260326.912335,TOTAL,All Commodities,2016-01-01,World,Export,India,IND
439,338081.970453,TOTAL,All Commodities,2016-01-01,World,Export,Singapore,SGP
440,77527.131585,TOTAL,All Commodities,2016-01-01,World,Export,Slovakia,SVK
441,176580.786634,TOTAL,All Commodities,2016-01-01,World,Export,Viet Nam,VNM
442,27657.727689,TOTAL,All Commodities,2016-01-01,World,Export,Slovenia,SVN
443,74110.816972,TOTAL,All Commodities,2016-01-01,World,Export,South Africa,ZAF
444,2832.31001,TOTAL,All Commodities,2016-01-01,World,Export,Zimbabwe,ZWE
445,281776.673688,TOTAL,All Commodities,2016-01-01,World,Export,Spain,ESP
446,1571.941177,TOTAL,All Commodities,2016-01-01,World,Export,Swaziland,SWZ
447,139456.199399,TOTAL,All Commodities,2016-01-01,World,Export,Sweden,SWE
448,304691.297208,TOTAL,All Commodities,2016-01-01,World,Export,Switzerland,CHE
449,213593.429868,TOTAL,All Commodities,2016-01-01,World,Export,Thailand,THA
450,714.880308,TOTAL,All Commodities,2016-01-01,World,Export,Togo,TGO
451,298650.942398,TOTAL,All Commodities,2016-01-01,World,Export,United Arab Emirates,ARE
452,13575.130953,TOTAL,All Commodities,2016-01-01,World,Export,Tunisia,TUN
453,142529.583808,TOTAL,All Commodities,2016-01-01,World,Export,Turkey,TUR
454,2482.313415,TOTAL,All Commodities,2016-01-01,World,Export,Uganda,UGA
455,36361.032464,TOTAL,All Commodities,2016-01-01,World,Export,Ukraine,UKR
456,4784.604593,TOTAL,All Commodities,2016-01-01,World,Export,North Macedonia,MKD
457,22507.388693,TOTAL,All Commodities,2016-01-01,World,Export,Egypt,EGY
458,411463.355625,TOTAL,All Commodities,2016-01-01,World,Export,United Kingdom,GBR
459,4741.924583,TOTAL,All Commodities,2016-01-01,World,Export,United Rep. of Tanzania,TZA
460,1450457.291215,TOTAL,All Commodities,2016-01-01,World,Export,USA,USA
461,2520.012338,TOTAL,All Commodities,2016-01-01,World,Export,Burkina Faso,BFA
462,6963.552025,TOTAL,All Commodities,2016-01-01,World,Export,Uruguay,URY
463,56.040486,TOTAL,All Commodities,2016-01-01,World,Export,Samoa,WSM
464,61.043254,TOTAL,All Commodities,2016-01-01,World,Export,Antigua and Barbuda,ATG
465,1723.892053,TOTAL,All Commodities,2016-01-01,World,Export,Ethiopia,ETH
466,94.014948,TOTAL,All Commodities,2016-01-01,World,Export,Gambia,GMB
467,1452.631561,TOTAL,All Commodities,2016-01-01,World,Export,Guyana,GUY
468,3352.109244,TOTAL,All Commodities,2016-01-01,World,Export,Mozambique,MOZ
469,36.864707,TOTAL,All Commodities,2016-01-01,World,Export,Saint Kitts and Nevis,KNA
470,43.012868,TOTAL,All Commodities,2016-01-01,World,Export,Saint Vincent and the Grenadines,VCT
471,10.473934,TOTAL,All Commodities,2016-01-01,World,Export,Sao Tome and Principe,STP
472,483.692193,TOTAL,All Commodities,2016-01-01,World,Export,Seychelles,SYC
473,465.595233,TOTAL,All Commodities,2016-01-01,World,Export,Sierra Leone,SLE
474,1235.283176,TOTAL,All Commodities,2016-01-01,World,Export,Suriname,SUR
475,596.455337,TOTAL,ALL COMMODITIES,2016-01-01,World,Export,Afghanistan,AFG
476,516.825882,TOTAL,ALL COMMODITIES,2016-01-01,World,Export,Barbados,BRB
477,43774.017809,TOTAL,ALL COMMODITIES,2016-01-01,World,Export,Iraq,IRQ
478,56312.747948,TOTAL,ALL COMMODITIES,2016-01-01,World,Export,Philippines,PHL
479,2301.340965,TOTAL,All Commodities,2017-01-01,World,Export,Albania,ALB
480,35191.117416,TOTAL,All Commodities,2017-01-01,World,Export,Algeria,DZA
481,117.965611,TOTAL,All Commodities,2017-01-01,World,Export,Andorra,AND
482,230163.207202,TOTAL,All Commodities,2017-01-01,World,Export,Australia,AUS
483,159970.530802,TOTAL,All Commodities,2017-01-01,World,Export,Austria,AUT
484,2144.962969,TOTAL,All Commodities,2017-01-01,World,Export,Armenia,ARM
485,429980.167539,TOTAL,All Commodities,2017-01-01,World,Export,Belgium,BEL
486,11.742165,TOTAL,All Commodities,2017-01-01,World,Export,Bermuda,BMU
487,7852.360979,TOTAL,All Commodities,2017-01-01,World,Export,Bolivia (Plurinational State of),BOL
488,6366.899729,TOTAL,All Commodities,2017-01-01,World,Export,Bosnia Herzegovina,BIH
489,217739.177077,TOTAL,All Commodities,2017-01-01,World,Export,Brazil,BRA
490,5570.575213,TOTAL,All Commodities,2017-01-01,World,Export,Brunei Darussalam,BRN
491,31588.418276,TOTAL,All Commodities,2017-01-01,World,Export,Bulgaria,BGR
492,13878.764485,TOTAL,All Commodities,2017-01-01,World,Export,Myanmar,MMR
493,29239.9939,TOTAL,All Commodities,2017-01-01,World,Export,Belarus,BLR
494,420631.850365,TOTAL,All Commodities,2017-01-01,World,Export,Canada,CAN
495,11741.036786,TOTAL,All Commodities,2017-01-01,World,Export,Sri Lanka,LKA
496,69229.257332,TOTAL,All Commodities,2017-01-01,World,Export,Chile,CHL
497,2263370.504301,TOTAL,All Commodities,2017-01-01,World,Export,China,CHN
498,37766.32106,TOTAL,All Commodities,2017-01-01,World,Export,Colombia,COL
499,8148.014308,TOTAL,All Commodities,2017-01-01,World,Export,Congo,COG
500,11296.640428,TOTAL,All Commodities,2017-01-01,World,Export,Costa Rica,CRI
501,15732.485216,TOTAL,All Commodities,2017-01-01,World,Export,Croatia,HRV
502,3360.37737,TOTAL,All Commodities,2017-01-01,World,Export,Cyprus,CYP
503,182231.360523,TOTAL,All Commodities,2017-01-01,World,Export,Czechia,CZE
504,101442.990043,TOTAL,All Commodities,2017-01-01,World,Export,Denmark,DNK
505,8855.644902,TOTAL,All Commodities,2017-01-01,World,Export,Dominican Rep.,DOM
506,19122.455098,TOTAL,All Commodities,2017-01-01,World,Export,Ecuador,ECU
507,5760.014842,TOTAL,All Commodities,2017-01-01,World,Export,El Salvador,SLV
508,15383.648111,TOTAL,All Commodities,2017-01-01,World,Export,Estonia,EST
509,955.613495,TOTAL,All Commodities,2017-01-01,World,Export,Fiji,FJI
510,67280.640848,TOTAL,All Commodities,2017-01-01,World,Export,Finland,FIN
511,523385.133284,TOTAL,All Commodities,2017-01-01,World,Export,France,FRA
512,1446642.435221,TOTAL,All Commodities,2017-01-01,World,Export,Germany,DEU
513,32154.816405,TOTAL,All Commodities,2017-01-01,World,Export,Greece,GRC
514,11011.391397,TOTAL,All Commodities,2017-01-01,World,Export,Guatemala,GTM
515,4970.144395,TOTAL,All Commodities,2017-01-01,World,Export,Honduras,HND
516,549861.455213,TOTAL,All Commodities,2017-01-01,World,Export,"China, Hong Kong SAR",HKG
517,113382.077421,TOTAL,All Commodities,2017-01-01,World,Export,Hungary,HUN
518,4882.605885,TOTAL,All Commodities,2017-01-01,World,Export,Iceland,ISL
519,168810.04293,TOTAL,All Commodities,2017-01-01,World,Export,Indonesia,IDN
520,105844.085748,TOTAL,All Commodities,2017-01-01,World,Export,Iran,IRN
521,138072.213252,TOTAL,All Commodities,2017-01-01,World,Export,Ireland,IRL
522,61150.141,TOTAL,All Commodities,2017-01-01,World,Export,Israel,ISR
523,503053.928396,TOTAL,All Commodities,2017-01-01,World,Export,Italy,ITA
524,698097.188909,TOTAL,All Commodities,2017-01-01,World,Export,Japan,JPN
525,48342.074036,TOTAL,All Commodities,2017-01-01,World,Export,Kazakhstan,KAZ
526,7469.23845,TOTAL,All Commodities,2017-01-01,World,Export,Jordan,JOR
527,573627.368937,TOTAL,All Commodities,2017-01-01,World,Export,Rep. of Korea,KOR
528,54806.847168,TOTAL,All Commodities,2017-01-01,World,Export,Kuwait,KWT
529,1757.46367,TOTAL,All Commodities,2017-01-01,World,Export,Kyrgyzstan,KGZ
530,8739.069382,TOTAL,All Commodities,2017-01-01,World,Export,Lebanon,LBN
531,673.150837,TOTAL,All Commodities,2017-01-01,World,Export,Lesotho,LSO
532,13030.004799,TOTAL,All Commodities,2017-01-01,World,Export,Latvia,LVA
533,29349.54937,TOTAL,All Commodities,2017-01-01,World,Export,Lithuania,LTU
534,13959.035854,TOTAL,All Commodities,2017-01-01,World,Export,Luxembourg,LUX
535,2846.993006,TOTAL,All Commodities,2017-01-01,World,Export,Madagascar,MDG
536,216428.429221,TOTAL,All Commodities,2017-01-01,World,Export,Malaysia,MYS
537,199.345279,TOTAL,All Commodities,2017-01-01,World,Export,Maldives,MDV
538,2102.621814,TOTAL,All Commodities,2017-01-01,World,Export,Mauritius,MUS
539,317663.17211,TOTAL,All Commodities,2017-01-01,World,Export,"Other Asia, nes",
540,6200.592951,TOTAL,All Commodities,2017-01-01,World,Export,Mongolia,MNG
541,420.870887,TOTAL,All Commodities,2017-01-01,World,Export,Montenegro,MNE
542,25624.297849,TOTAL,All Commodities,2017-01-01,World,Export,Morocco,MAR
543,32904.047205,TOTAL,All Commodities,2017-01-01,World,Export,Oman,OMN
544,5229.360925,TOTAL,All Commodities,2017-01-01,World,Export,Namibia,NAM
545,505941.305245,TOTAL,All Commodities,2017-01-01,World,Export,Netherlands,NLD
546,38050.286199,TOTAL,All Commodities,2017-01-01,World,Export,New Zealand,NZL
547,4925.581177,TOTAL,All Commodities,2017-01-01,World,Export,Nicaragua,NIC
548,101976.020159,TOTAL,All Commodities,2017-01-01,World,Export,Norway,NOR
549,21877.787164,TOTAL,All Commodities,2017-01-01,World,Export,Pakistan,PAK
550,8679.833045,TOTAL,All Commodities,2017-01-01,World,Export,Paraguay,PRY
551,44237.949422,TOTAL,All Commodities,2017-01-01,World,Export,Peru,PER
552,221307.621302,TOTAL,All Commodities,2017-01-01,World,Export,Poland,POL
553,62169.899628,TOTAL,All Commodities,2017-01-01,World,Export,Portugal,PRT
554,70626.887499,TOTAL,All Commodities,2017-01-01,World,Export,Romania,ROU
555,359151.975199,TOTAL,All Commodities,2017-01-01,World,Export,Russian Federation,RUS
556,16959.040119,TOTAL,All Commodities,2017-01-01,World,Export,Serbia,SRB
557,294364.490162,TOTAL,All Commodities,2017-01-01,World,Export,India,IND
558,84525.363801,TOTAL,All Commodities,2017-01-01,World,Export,Slovakia,SVK
559,31893.789564,TOTAL,All Commodities,2017-01-01,World,Export,Slovenia,SVN
560,88267.959727,TOTAL,All Commodities,2017-01-01,World,Export,South Africa,ZAF
561,319621.896043,TOTAL,All Commodities,2017-01-01,World,Export,Spain,ESP
562,4240.642666,TOTAL,All Commodities,2017-01-01,World,Export,Sudan,SDN
563,152906.820899,TOTAL,All Commodities,2017-01-01,World,Export,Sweden,SWE
564,299308.693087,TOTAL,All Commodities,2017-01-01,World,Export,Switzerland,CHE
565,313503.999961,TOTAL,All Commodities,2017-01-01,World,Export,United Arab Emirates,ARE
566,156992.940414,TOTAL,All Commodities,2017-01-01,World,Export,Turkey,TUR
567,5670.378572,TOTAL,All Commodities,2017-01-01,World,Export,North Macedonia,MKD
568,442065.707223,TOTAL,All Commodities,2017-01-01,World,Export,United Kingdom,GBR
569,4178.109062,TOTAL,All Commodities,2017-01-01,World,Export,United Rep. of Tanzania,TZA
570,1545609.158491,TOTAL,All Commodities,2017-01-01,World,Export,USA,USA
571,7889.387375,TOTAL,All Commodities,2017-01-01,World,Export,Uruguay,URY
572,8157.55869,TOTAL,All Commodities,2017-01-01,World,Export,Zambia,ZMB
573,13797.665649,TOTAL,All Commodities,2017-01-01,World,Export,Azerbaijan,AZE
574,58384.194969,TOTAL,All Commodities,2017-01-01,World,Export,Argentina,ARG
575,5898.10275,TOTAL,All Commodities,2017-01-01,World,Export,Botswana,BWA
576,277.58496,TOTAL,All Commodities,2017-01-01,World,Export,Belize,BLZ
577,499.714683,TOTAL,All Commodities,2017-01-01,World,Export,Solomon Isds,SLB
578,149.406437,TOTAL,All Commodities,2017-01-01,World,Export,Burundi,BDI
579,3264.185171,TOTAL,All Commodities,2017-01-01,World,Export,Cameroon,CMR
580,49.935302,TOTAL,All Commodities,2017-01-01,World,Export,Cabo Verde,CPV
581,196.990937,TOTAL,All Commodities,2017-01-01,World,Export,Central African Rep.,CAF
582,726.264608,TOTAL,All Commodities,2017-01-01,World,Export,Benin,BEN
583,2735.478624,TOTAL,All Commodities,2017-01-01,World,Export,Georgia,GEO
584,21.834655,TOTAL,All Commodities,2017-01-01,World,Export,Gambia,GMB
585,14358.509951,TOTAL,All Commodities,2017-01-01,World,Export,Ghana,GHA
586,12559.859504,TOTAL,All Commodities,2017-01-01,World,Export,C么te d'Ivoire,CIV
587,1309.718443,TOTAL,All Commodities,2017-01-01,World,Export,Jamaica,JAM
588,5747.414819,TOTAL,All Commodities,2017-01-01,World,Export,Kenya,KEN
589,883.851985,TOTAL,All Commodities,2017-01-01,World,Export,Malawi,MWI
590,1902.730073,TOTAL,All Commodities,2017-01-01,World,Export,Mali,MLI
591,1989.430771,TOTAL,All Commodities,2017-01-01,World,Export,Mauritania,MRT
592,409451.37817,TOTAL,All Commodities,2017-01-01,World,Export,Mexico,MEX
593,4718.518271,TOTAL,All Commodities,2017-01-01,World,Export,Mozambique,MOZ
594,740.742914,TOTAL,All Commodities,2017-01-01,World,Export,Nepal,NPL
595,89.358741,TOTAL,All Commodities,2017-01-01,World,Export,Aruba,ABW
596,44466.366757,TOTAL,All Commodities,2017-01-01,World,Export,Nigeria,NGA
597,6.419759,TOTAL,All Commodities,2017-01-01,World,Export,Palau,PLW
598,68712.611186,TOTAL,All Commodities,2017-01-01,World,Export,Philippines,PHL
599,141.655244,TOTAL,All Commodities,2017-01-01,World,Export,Saint Lucia,LCA
600,2989.04209,TOTAL,All Commodities,2017-01-01,World,Export,Senegal,SEN
601,373254.55442,TOTAL,All Commodities,2017-01-01,World,Export,Singapore,SGP
602,215118.606999,TOTAL,All Commodities,2017-01-01,World,Export,Viet Nam,VNM
603,3480.381866,TOTAL,All Commodities,2017-01-01,World,Export,Zimbabwe,ZWE
604,1801.623335,TOTAL,All Commodities,2017-01-01,World,Export,Swaziland,SWZ
605,749.255019,TOTAL,All Commodities,2017-01-01,World,Export,Togo,TGO
606,14199.816336,TOTAL,All Commodities,2017-01-01,World,Export,Tunisia,TUN
607,2901.465679,TOTAL,All Commodities,2017-01-01,World,Export,Uganda,UGA
608,43428.391056,TOTAL,All Commodities,2017-01-01,World,Export,Ukraine,UKR
609,25943.200383,TOTAL,All Commodities,2017-01-01,World,Export,Egypt,EGY
610,2790.162435,TOTAL,All Commodities,2017-01-01,World,Export,Burkina Faso,BFA
611,44.401814,TOTAL,All Commodities,2017-01-01,World,Export,Samoa,WSM
612,62.390602,TOTAL,All Commodities,2017-01-01,World,Export,Antigua and Barbuda,ATG
613,1789.689907,TOTAL,All Commodities,2017-01-01,World,Export,Guyana,GUY
614,33.245644,TOTAL,All Commodities,2017-01-01,World,Export,Saint Kitts and Nevis,KNA
615,42.299408,TOTAL,All Commodities,2017-01-01,World,Export,Saint Vincent and the Grenadines,VCT
616,10.56259,TOTAL,All Commodities,2017-01-01,World,Export,Sao Tome and Principe,STP
617,591.585318,TOTAL,All Commodities,2017-01-01,World,Export,Seychelles,SYC
618,102.651588,TOTAL,All Commodities,2017-01-01,World,Export,Sierra Leone,SLE
619,1441.019448,TOTAL,All Commodities,2017-01-01,World,Export,Suriname,SUR
620,485.387947,TOTAL,ALL COMMODITIES,2017-01-01,World,Export,Barbados,BRB
621,24.174262,TOTAL,ALL COMMODITIES,2017-01-01,World,Export,Timor-Leste,TLS
622,5229.972238,TOTAL,All Commodities,2014-01-01,World,Import,Albania,ALB
623,58618.080185,TOTAL,All Commodities,2014-01-01,World,Import,Algeria,DZA
624,1556.048524,TOTAL,All Commodities,2014-01-01,World,Import,Andorra,AND
625,28753.499329,TOTAL,All Commodities,2014-01-01,World,Import,Angola,AGO
626,9178.588183,TOTAL,All Commodities,2014-01-01,World,Import,Azerbaijan,AZE
627,65229.691986,TOTAL,All Commodities,2014-01-01,World,Import,Argentina,ARG
628,227544.231343,TOTAL,All Commodities,2014-01-01,World,Import,Australia,AUS
629,172447.473995,TOTAL,All Commodities,2014-01-01,World,Import,Austria,AUT
630,3790.36567,TOTAL,All Commodities,2014-01-01,World,Import,Bahamas,BHS
631,20073.673075,TOTAL,All Commodities,2014-01-01,World,Import,Bahrain,BHR
632,4159.517448,TOTAL,All Commodities,2014-01-01,World,Import,Armenia,ARM
633,452772.540874,TOTAL,All Commodities,2014-01-01,World,Import,Belgium,BEL
634,961.075407,TOTAL,All Commodities,2014-01-01,World,Import,Bermuda,BMU
635,10674.099376,TOTAL,All Commodities,2014-01-01,World,Import,Bolivia (Plurinational State of),BOL
636,10990.420322,TOTAL,All Commodities,2014-01-01,World,Import,Bosnia Herzegovina,BIH
637,7830.451253,TOTAL,All Commodities,2014-01-01,World,Import,Botswana,BWA
638,229154.460893,TOTAL,All Commodities,2014-01-01,World,Import,Brazil,BRA
639,962.112036,TOTAL,All Commodities,2014-01-01,World,Import,Belize,BLZ
640,3598.739678,TOTAL,All Commodities,2014-01-01,World,Import,Brunei Darussalam,BRN
641,34740.042449,TOTAL,All Commodities,2014-01-01,World,Import,Bulgaria,BGR
642,16220.180228,TOTAL,All Commodities,2014-01-01,World,Import,Myanmar,MMR
643,672.578787,TOTAL,All Commodities,2014-01-01,World,Import,Burundi,BDI
644,40502.3598,TOTAL,All Commodities,2014-01-01,World,Import,Belarus,BLR
645,9702.422207,TOTAL,All Commodities,2014-01-01,World,Import,Cambodia,KHM
646,7561.13852,TOTAL,All Commodities,2014-01-01,World,Import,Cameroon,CMR
647,463088.976833,TOTAL,All Commodities,2014-01-01,World,Import,Canada,CAN
648,768.743196,TOTAL,All Commodities,2014-01-01,World,Import,Cabo Verde,CPV
649,19244.461188,TOTAL,All Commodities,2014-01-01,World,Import,Sri Lanka,LKA
650,72849.513579,TOTAL,All Commodities,2014-01-01,World,Import,Chile,CHL
651,1959234.625162,TOTAL,All Commodities,2014-01-01,World,Import,China,CHN
652,64027.609808,TOTAL,All Commodities,2014-01-01,World,Import,Colombia,COL
653,3347.657927,TOTAL,All Commodities,2014-01-01,World,Import,Congo,COG
654,17184.912679,TOTAL,All Commodities,2014-01-01,World,Import,Costa Rica,CRI
655,22906.87337,TOTAL,All Commodities,2014-01-01,World,Import,Croatia,HRV
656,6828.600812,TOTAL,All Commodities,2014-01-01,World,Import,Cyprus,CYP
657,153225.461484,TOTAL,All Commodities,2014-01-01,World,Import,Czechia,CZE
658,99567.827973,TOTAL,All Commodities,2014-01-01,World,Import,Denmark,DNK
659,17751.694859,TOTAL,All Commodities,2014-01-01,World,Import,Dominican Rep.,DOM
660,27518.17787,TOTAL,All Commodities,2014-01-01,World,Import,Ecuador,ECU
661,10514.175664,TOTAL,All Commodities,2014-01-01,World,Import,El Salvador,SLV
662,21914.373645,TOTAL,All Commodities,2014-01-01,World,Import,Ethiopia,ETH
663,20184.649524,TOTAL,All Commodities,2014-01-01,World,Import,Estonia,EST
664,3250.46358,TOTAL,All Commodities,2014-01-01,World,Import,Fiji,FJI
665,76773.254674,TOTAL,All Commodities,2014-01-01,World,Import,Finland,FIN
666,659872.076384,TOTAL,All Commodities,2014-01-01,World,Import,France,FRA
667,1761.698488,TOTAL,All Commodities,2014-01-01,World,Import,French Polynesia,PYF
668,8601.807241,TOTAL,All Commodities,2014-01-01,World,Import,Georgia,GEO
669,1214955.667361,TOTAL,All Commodities,2014-01-01,World,Import,Germany,DEU
670,116.475162,TOTAL,All Commodities,2014-01-01,World,Import,Kiribati,KIR
671,62180.636372,TOTAL,All Commodities,2014-01-01,World,Import,Greece,GRC
672,768.345104,TOTAL,All Commodities,2014-01-01,World,Import,Greenland,GRL
673,18263.243838,TOTAL,All Commodities,2014-01-01,World,Import,Guatemala,GTM
674,2509.210143,TOTAL,All Commodities,2014-01-01,World,Import,Guinea,GIN
675,7983.626391,TOTAL,All Commodities,2014-01-01,World,Import,Honduras,HND
676,600613.065837,TOTAL,All Commodities,2014-01-01,World,Import,"China, Hong Kong SAR",HKG
677,104178.438,TOTAL,All Commodities,2014-01-01,World,Import,Hungary,HUN
678,5371.918875,TOTAL,All Commodities,2014-01-01,World,Import,Iceland,ISL
679,178179.340198,TOTAL,All Commodities,2014-01-01,World,Import,Indonesia,IDN
680,52249.794971,TOTAL,All Commodities,2014-01-01,World,Import,Iran,IRN
681,82595.130511,TOTAL,All Commodities,2014-01-01,World,Import,Ireland,IRL
682,72331.78,TOTAL,All Commodities,2014-01-01,World,Import,Israel,ISR
683,474082.55891,TOTAL,All Commodities,2014-01-01,World,Import,Italy,ITA
684,5835.517278,TOTAL,All Commodities,2014-01-01,World,Import,Jamaica,JAM
685,812184.751778,TOTAL,All Commodities,2014-01-01,World,Import,Japan,JPN
686,41295.455969,TOTAL,All Commodities,2014-01-01,World,Import,Kazakhstan,KAZ
687,22740.257836,TOTAL,All Commodities,2014-01-01,World,Import,Jordan,JOR
688,525556.977998,TOTAL,All Commodities,2014-01-01,World,Import,Rep. of Korea,KOR
689,31488.655172,TOTAL,All Commodities,2014-01-01,World,Import,Kuwait,KWT
690,4452.378889,TOTAL,All Commodities,2014-01-01,World,Import,Lao People's Dem. Rep.,LAO
691,20487.4276,TOTAL,All Commodities,2014-01-01,World,Import,Lebanon,LBN
692,16798.358933,TOTAL,All Commodities,2014-01-01,World,Import,Latvia,LVA
693,35217.366877,TOTAL,All Commodities,2014-01-01,World,Import,Lithuania,LTU
694,23850.012349,TOTAL,All Commodities,2014-01-01,World,Import,Luxembourg,LUX
695,11395.934962,TOTAL,All Commodities,2014-01-01,World,Import,"China, Macao SAR",MAC
696,3354.796022,TOTAL,All Commodities,2014-01-01,World,Import,Madagascar,MDG
697,2774.368038,TOTAL,All Commodities,2014-01-01,World,Import,Malawi,MWI
698,208823.428627,TOTAL,All Commodities,2014-01-01,World,Import,Malaysia,MYS
699,1992.748786,TOTAL,All Commodities,2014-01-01,World,Import,Maldives,MDV
700,8445.208701,TOTAL,All Commodities,2014-01-01,World,Import,Malta,MLT
701,5607.223157,TOTAL,All Commodities,2014-01-01,World,Import,Mauritius,MUS
702,399976.864217,TOTAL,All Commodities,2014-01-01,World,Import,Mexico,MEX
703,273844.88683,TOTAL,All Commodities,2014-01-01,World,Import,"Other Asia, nes",
704,5131.45544,TOTAL,All Commodities,2014-01-01,World,Import,Mongolia,MNG
705,2366.75142,TOTAL,All Commodities,2014-01-01,World,Import,Montenegro,MNE
706,29303.100255,TOTAL,All Commodities,2014-01-01,World,Import,Oman,OMN
707,8530.99435,TOTAL,All Commodities,2014-01-01,World,Import,Namibia,NAM
708,7590.08989,TOTAL,All Commodities,2014-01-01,World,Import,Nepal,NPL
709,508032.877284,TOTAL,All Commodities,2014-01-01,World,Import,Netherlands,NLD
710,1284.149421,TOTAL,All Commodities,2014-01-01,World,Import,Aruba,ABW
711,3315.243795,TOTAL,All Commodities,2014-01-01,World,Import,New Caledonia,NCL
712,42497.740145,TOTAL,All Commodities,2014-01-01,World,Import,New Zealand,NZL
713,5746.417782,TOTAL,All Commodities,2014-01-01,World,Import,Nicaragua,NIC
714,89439.400931,TOTAL,All Commodities,2014-01-01,World,Import,Norway,NOR
715,164.988625,TOTAL,All Commodities,2014-01-01,World,Import,Palau,PLW
716,47544.888942,TOTAL,All Commodities,2014-01-01,World,Import,Pakistan,PAK
717,11065.904118,TOTAL,All Commodities,2014-01-01,World,Import,Panama,PAN
718,12168.557587,TOTAL,All Commodities,2014-01-01,World,Import,Paraguay,PRY
719,42177.1979,TOTAL,All Commodities,2014-01-01,World,Import,Peru,PER
720,216687.292345,TOTAL,All Commodities,2014-01-01,World,Import,Poland,POL
721,78395.890972,TOTAL,All Commodities,2014-01-01,World,Import,Portugal,PRT
722,30447.655949,TOTAL,All Commodities,2014-01-01,World,Import,Qatar,QAT
723,77889.070909,TOTAL,All Commodities,2014-01-01,World,Import,Romania,ROU
724,286648.776878,TOTAL,All Commodities,2014-01-01,World,Import,Russian Federation,RUS
725,1954.20956,TOTAL,All Commodities,2014-01-01,World,Import,Rwanda,RWA
726,168239.638203,TOTAL,All Commodities,2014-01-01,World,Import,Saudi Arabia,SAU
727,20608.584765,TOTAL,All Commodities,2014-01-01,World,Import,Serbia,SRB
728,459369.463603,TOTAL,All Commodities,2014-01-01,World,Import,India,IND
729,366247.32166,TOTAL,All Commodities,2014-01-01,World,Import,Singapore,SGP
730,81354.166832,TOTAL,All Commodities,2014-01-01,World,Import,Slovakia,SVK
731,147839.047559,TOTAL,All Commodities,2014-01-01,World,Import,Viet Nam,VNM
732,30049.305586,TOTAL,All Commodities,2014-01-01,World,Import,Slovenia,SVN
733,99794.452591,TOTAL,All Commodities,2014-01-01,World,Import,South Africa,ZAF
734,6379.758045,TOTAL,All Commodities,2014-01-01,World,Import,Zimbabwe,ZWE
735,350977.77297,TOTAL,All Commodities,2014-01-01,World,Import,Spain,ESP
736,1679.133546,TOTAL,All Commodities,2014-01-01,World,Import,Swaziland,SWZ
737,162257.051136,TOTAL,All Commodities,2014-01-01,World,Import,Sweden,SWE
738,275053.992633,TOTAL,All Commodities,2014-01-01,World,Import,Switzerland,CHE
739,227931.507413,TOTAL,All Commodities,2014-01-01,World,Import,Thailand,THA
740,218.18576,TOTAL,All Commodities,2014-01-01,World,Import,Tonga,TON
741,298611.277362,TOTAL,All Commodities,2014-01-01,World,Import,United Arab Emirates,ARE
742,24793.340075,TOTAL,All Commodities,2014-01-01,World,Import,Tunisia,TUN
743,242177.117073,TOTAL,All Commodities,2014-01-01,World,Import,Turkey,TUR
744,6073.527802,TOTAL,All Commodities,2014-01-01,World,Import,Uganda,UGA
745,54381.40909,TOTAL,All Commodities,2014-01-01,World,Import,Ukraine,UKR
746,7301.343253,TOTAL,All Commodities,2014-01-01,World,Import,North Macedonia,MKD
747,71337.744441,TOTAL,All Commodities,2014-01-01,World,Import,Egypt,EGY
748,694344.323261,TOTAL,All Commodities,2014-01-01,World,Import,United Kingdom,GBR
749,12691.109568,TOTAL,All Commodities,2014-01-01,World,Import,United Rep. of Tanzania,TZA
750,2410855.476207,TOTAL,All Commodities,2014-01-01,World,Import,USA,USA
751,10762.296786,TOTAL,All Commodities,2014-01-01,World,Import,Uruguay,URY
752,388.023853,TOTAL,All Commodities,2014-01-01,World,Import,Samoa,WSM
753,12041.580986,TOTAL,All Commodities,2014-01-01,World,Import,Yemen,YEM
754,9539.02407,TOTAL,All Commodities,2014-01-01,World,Import,Zambia,ZMB
755,551.751293,TOTAL,All Commodities,2014-01-01,World,Import,Antigua and Barbuda,ATG
756,308.03008,TOTAL,All Commodities,2014-01-01,World,Import,Central African Rep.,CAF
757,3703.725329,TOTAL,All Commodities,2014-01-01,World,Import,Benin,BEN
758,387.202313,TOTAL,All Commodities,2014-01-01,World,Import,Gambia,GMB
759,5683.199332,TOTAL,All Commodities,2014-01-01,World,Import,State of Palestine,PSE
760,1783.310843,TOTAL,All Commodities,2014-01-01,World,Import,Guyana,GUY
761,11177.660087,TOTAL,All Commodities,2014-01-01,World,Import,C么te d'Ivoire,CIV
762,3641.758272,TOTAL,All Commodities,2014-01-01,World,Import,Mauritania,MRT
763,5316.959167,TOTAL,All Commodities,2014-01-01,World,Import,Rep. of Moldova,MDA
764,41.909444,TOTAL,All Commodities,2014-01-01,World,Import,Montserrat,MSR
765,8743.074259,TOTAL,All Commodities,2014-01-01,World,Import,Mozambique,MOZ
766,2151.091965,TOTAL,All Commodities,2014-01-01,World,Import,Niger,NER
767,46532.265378,TOTAL,All Commodities,2014-01-01,World,Import,Nigeria,NGA
768,267.961678,TOTAL,All Commodities,2014-01-01,World,Import,Saint Kitts and Nevis,KNA
769,642.099093,TOTAL,All Commodities,2014-01-01,World,Import,Saint Lucia,LCA
770,361.551896,TOTAL,All Commodities,2014-01-01,World,Import,Saint Vincent and the Grenadines,VCT
771,169.715687,TOTAL,All Commodities,2014-01-01,World,Import,Sao Tome and Principe,STP
772,6502.674171,TOTAL,All Commodities,2014-01-01,World,Import,Senegal,SEN
773,1075.327066,TOTAL,All Commodities,2014-01-01,World,Import,Seychelles,SYC
774,2056.845874,TOTAL,All Commodities,2014-01-01,World,Import,Sierra Leone,SLE
775,1826.727942,TOTAL,All Commodities,2014-01-01,World,Import,Suriname,SUR
776,1753.249689,TOTAL,All Commodities,2014-01-01,World,Import,Togo,TGO
777,11411.688219,TOTAL,All Commodities,2014-01-01,World,Import,Trinidad and Tobago,TTO
778,3575.097344,TOTAL,All Commodities,2014-01-01,World,Import,Burkina Faso,BFA
779,7697.17817,TOTAL,ALL COMMODITIES,2014-01-01,World,Import,Afghanistan,AFG
780,1740.471483,TOTAL,ALL COMMODITIES,2014-01-01,World,Import,Barbados,BRB
781,499.265605,TOTAL,ALL COMMODITIES,2014-01-01,World,Import,Solomon Isds,SLB
782,37064.4765,TOTAL,ALL COMMODITIES,2014-01-01,World,Import,Iraq,IRQ
783,1423.681974,TOTAL,ALL COMMODITIES,2014-01-01,World,Import,Lesotho,LSO
784,46191.742594,TOTAL,ALL COMMODITIES,2014-01-01,World,Import,Morocco,MAR
785,67718.868519,TOTAL,ALL COMMODITIES,2014-01-01,World,Import,Philippines,PHL
786,4320.219367,TOTAL,All Commodities,2015-01-01,World,Import,Albania,ALB
787,51803.071085,TOTAL,All Commodities,2015-01-01,World,Import,Algeria,DZA
788,1293.752873,TOTAL,All Commodities,2015-01-01,World,Import,Andorra,AND
789,16757.790049,TOTAL,All Commodities,2015-01-01,World,Import,Angola,AGO
790,9211.125764,TOTAL,All Commodities,2015-01-01,World,Import,Azerbaijan,AZE
791,59756.514255,TOTAL,All Commodities,2015-01-01,World,Import,Argentina,ARG
792,200113.779978,TOTAL,All Commodities,2015-01-01,World,Import,Australia,AUS
793,147935.123859,TOTAL,All Commodities,2015-01-01,World,Import,Austria,AUT
794,3161.314272,TOTAL,All Commodities,2015-01-01,World,Import,Bahamas,BHS
795,16377.620945,TOTAL,All Commodities,2015-01-01,World,Import,Bahrain,BHR
796,48058.710041,TOTAL,All Commodities,2015-01-01,World,Import,Bangladesh,BGD
797,3256.964792,TOTAL,All Commodities,2015-01-01,World,Import,Armenia,ARM
798,371025.046731,TOTAL,All Commodities,2015-01-01,World,Import,Belgium,BEL
799,928.900937,TOTAL,All Commodities,2015-01-01,World,Import,Bermuda,BMU
800,9766.442452,TOTAL,All Commodities,2015-01-01,World,Import,Bolivia (Plurinational State of),BOL
801,8993.96616,TOTAL,All Commodities,2015-01-01,World,Import,Bosnia Herzegovina,BIH
802,7626.168261,TOTAL,All Commodities,2015-01-01,World,Import,Botswana,BWA
803,171446.211662,TOTAL,All Commodities,2015-01-01,World,Import,Brazil,BRA
804,995.560655,TOTAL,All Commodities,2015-01-01,World,Import,Belize,BLZ
805,465.830232,TOTAL,All Commodities,2015-01-01,World,Import,Solomon Isds,SLB
806,3229.077312,TOTAL,All Commodities,2015-01-01,World,Import,Brunei Darussalam,BRN
807,29265.116176,TOTAL,All Commodities,2015-01-01,World,Import,Bulgaria,BGR
808,16906.774511,TOTAL,All Commodities,2015-01-01,World,Import,Myanmar,MMR
809,560.585346,TOTAL,All Commodities,2015-01-01,World,Import,Burundi,BDI
810,30291.4928,TOTAL,All Commodities,2015-01-01,World,Import,Belarus,BLR
811,10668.923431,TOTAL,All Commodities,2015-01-01,World,Import,Cambodia,KHM
812,6036.81482,TOTAL,All Commodities,2015-01-01,World,Import,Cameroon,CMR
813,419693.46646,TOTAL,All Commodities,2015-01-01,World,Import,Canada,CAN
814,606.295342,TOTAL,All Commodities,2015-01-01,World,Import,Cabo Verde,CPV
815,915.454381,TOTAL,All Commodities,2015-01-01,World,Import,Cayman Isds,CYM
816,18967.230642,TOTAL,All Commodities,2015-01-01,World,Import,Sri Lanka,LKA
817,62386.716957,TOTAL,All Commodities,2015-01-01,World,Import,Chile,CHL
818,1679564.32456,TOTAL,All Commodities,2015-01-01,World,Import,China,CHN
819,54035.533653,TOTAL,All Commodities,2015-01-01,World,Import,Colombia,COL
820,15504.422756,TOTAL,All Commodities,2015-01-01,World,Import,Costa Rica,CRI
821,20580.470841,TOTAL,All Commodities,2015-01-01,World,Import,Croatia,HRV
822,5699.349689,TOTAL,All Commodities,2015-01-01,World,Import,Cyprus,CYP
823,140716.185564,TOTAL,All Commodities,2015-01-01,World,Import,Czechia,CZE
824,2474.735519,TOTAL,All Commodities,2015-01-01,World,Import,Benin,BEN
825,85327.361281,TOTAL,All Commodities,2015-01-01,World,Import,Denmark,DNK
826,17347.815271,TOTAL,All Commodities,2015-01-01,World,Import,Dominican Rep.,DOM
827,21387.292074,TOTAL,All Commodities,2015-01-01,World,Import,Ecuador,ECU
828,10293.395314,TOTAL,All Commodities,2015-01-01,World,Import,El Salvador,SLV
829,25815.264212,TOTAL,All Commodities,2015-01-01,World,Import,Ethiopia,ETH
830,15731.849158,TOTAL,All Commodities,2015-01-01,World,Import,Estonia,EST
831,2080.875215,TOTAL,All Commodities,2015-01-01,World,Import,Fiji,FJI
832,60174.38773,TOTAL,All Commodities,2015-01-01,World,Import,Finland,FIN
833,563398.247561,TOTAL,All Commodities,2015-01-01,World,Import,France,FRA
834,1526.806046,TOTAL,All Commodities,2015-01-01,World,Import,French Polynesia,PYF
835,7730.081504,TOTAL,All Commodities,2015-01-01,World,Import,Georgia,GEO
836,5225.466656,TOTAL,All Commodities,2015-01-01,World,Import,State of Palestine,PSE
837,1057616.385859,TOTAL,All Commodities,2015-01-01,World,Import,Germany,DEU
838,110.729035,TOTAL,All Commodities,2015-01-01,World,Import,Kiribati,KIR
839,47263.979668,TOTAL,All Commodities,2015-01-01,World,Import,Greece,GRC
840,586.223824,TOTAL,All Commodities,2015-01-01,World,Import,Greenland,GRL
841,17637.088553,TOTAL,All Commodities,2015-01-01,World,Import,Guatemala,GTM
842,2138.647793,TOTAL,All Commodities,2015-01-01,World,Import,Guinea,GIN
843,8380.670716,TOTAL,All Commodities,2015-01-01,World,Import,Honduras,HND
844,559305.500094,TOTAL,All Commodities,2015-01-01,World,Import,"China, Hong Kong SAR",HKG
845,90760.850877,TOTAL,All Commodities,2015-01-01,World,Import,Hungary,HUN
846,5285.373474,TOTAL,All Commodities,2015-01-01,World,Import,Iceland,ISL
847,142694.802188,TOTAL,All Commodities,2015-01-01,World,Import,Indonesia,IDN
848,77795.266456,TOTAL,All Commodities,2015-01-01,World,Import,Ireland,IRL
849,62067.788,TOTAL,All Commodities,2015-01-01,World,Import,Israel,ISR
850,410933.264465,TOTAL,All Commodities,2015-01-01,World,Import,Italy,ITA
851,9532.205632,TOTAL,All Commodities,2015-01-01,World,Import,C么te d'Ivoire,CIV
852,4993.029814,TOTAL,All Commodities,2015-01-01,World,Import,Jamaica,JAM
853,625568.420678,TOTAL,All Commodities,2015-01-01,World,Import,Japan,JPN
854,30567.159492,TOTAL,All Commodities,2015-01-01,World,Import,Kazakhstan,KAZ
855,20474.908862,TOTAL,All Commodities,2015-01-01,World,Import,Jordan,JOR
856,436486.934609,TOTAL,All Commodities,2015-01-01,World,Import,Rep. of Korea,KOR
857,31907.177437,TOTAL,All Commodities,2015-01-01,World,Import,Kuwait,KWT
858,4068.083799,TOTAL,All Commodities,2015-01-01,World,Import,Kyrgyzstan,KGZ
859,3778.389213,TOTAL,All Commodities,2015-01-01,World,Import,Lao People's Dem. Rep.,LAO
860,18599.766657,TOTAL,All Commodities,2015-01-01,World,Import,Lebanon,LBN
861,1409.5664,TOTAL,All Commodities,2015-01-01,World,Import,Lesotho,LSO
862,13854.046916,TOTAL,All Commodities,2015-01-01,World,Import,Latvia,LVA
863,28176.441602,TOTAL,All Commodities,2015-01-01,World,Import,Lithuania,LTU
864,19296.337662,TOTAL,All Commodities,2015-01-01,World,Import,Luxembourg,LUX
865,10602.57955,TOTAL,All Commodities,2015-01-01,World,Import,"China, Macao SAR",MAC
866,2960.905154,TOTAL,All Commodities,2015-01-01,World,Import,Madagascar,MDG
867,2311.614378,TOTAL,All Commodities,2015-01-01,World,Import,Malawi,MWI
868,176174.598214,TOTAL,All Commodities,2015-01-01,World,Import,Malaysia,MYS
869,1896.85004,TOTAL,All Commodities,2015-01-01,World,Import,Maldives,MDV
870,6788.000921,TOTAL,All Commodities,2015-01-01,World,Import,Malta,MLT
871,4458.341503,TOTAL,All Commodities,2015-01-01,World,Import,Mauritius,MUS
872,395232.221167,TOTAL,All Commodities,2015-01-01,World,Import,Mexico,MEX
873,228508.285711,TOTAL,All Commodities,2015-01-01,World,Import,"Other Asia, nes",
874,3796.591418,TOTAL,All Commodities,2015-01-01,World,Import,Mongolia,MNG
875,3986.820641,TOTAL,All Commodities,2015-01-01,World,Import,Rep. of Moldova,MDA
876,2050.169682,TOTAL,All Commodities,2015-01-01,World,Import,Montenegro,MNE
877,37545.666094,TOTAL,All Commodities,2015-01-01,World,Import,Morocco,MAR
878,29007.05271,TOTAL,All Commodities,2015-01-01,World,Import,Oman,OMN
879,7697.157051,TOTAL,All Commodities,2015-01-01,World,Import,Namibia,NAM
880,6612.094198,TOTAL,All Commodities,2015-01-01,World,Import,Nepal,NPL
881,393728.343914,TOTAL,All Commodities,2015-01-01,World,Import,Netherlands,NLD
882,1165.014285,TOTAL,All Commodities,2015-01-01,World,Import,Aruba,ABW
883,2529.498893,TOTAL,All Commodities,2015-01-01,World,Import,New Caledonia,NCL
884,36528.298388,TOTAL,All Commodities,2015-01-01,World,Import,New Zealand,NZL
885,5866.297865,TOTAL,All Commodities,2015-01-01,World,Import,Nicaragua,NIC
886,2458.340984,TOTAL,All Commodities,2015-01-01,World,Import,Niger,NER
887,77193.217991,TOTAL,All Commodities,2015-01-01,World,Import,Norway,NOR
888,150.315857,TOTAL,All Commodities,2015-01-01,World,Import,Palau,PLW
889,43989.644709,TOTAL,All Commodities,2015-01-01,World,Import,Pakistan,PAK
890,10374.517098,TOTAL,All Commodities,2015-01-01,World,Import,Panama,PAN
891,10291.213118,TOTAL,All Commodities,2015-01-01,World,Import,Paraguay,PRY
892,38026.358883,TOTAL,All Commodities,2015-01-01,World,Import,Peru,PER
893,189696.473787,TOTAL,All Commodities,2015-01-01,World,Import,Poland,POL
894,66870.945677,TOTAL,All Commodities,2015-01-01,World,Import,Portugal,PRT
895,32610.46358,TOTAL,All Commodities,2015-01-01,World,Import,Qatar,QAT
896,69857.682405,TOTAL,All Commodities,2015-01-01,World,Import,Romania,ROU
897,182781.964814,TOTAL,All Commodities,2015-01-01,World,Import,Russian Federation,RUS
898,1858.091101,TOTAL,All Commodities,2015-01-01,World,Import,Rwanda,RWA
899,583.428558,TOTAL,All Commodities,2015-01-01,World,Import,Saint Lucia,LCA
900,163820.952509,TOTAL,All Commodities,2015-01-01,World,Import,Saudi Arabia,SAU
901,5595.354746,TOTAL,All Commodities,2015-01-01,World,Import,Senegal,SEN
902,18210.171281,TOTAL,All Commodities,2015-01-01,World,Import,Serbia,SRB
903,390744.731405,TOTAL,All Commodities,2015-01-01,World,Import,India,IND
904,296744.588534,TOTAL,All Commodities,2015-01-01,World,Import,Singapore,SGP
905,72957.682446,TOTAL,All Commodities,2015-01-01,World,Import,Slovakia,SVK
906,165775.857847,TOTAL,All Commodities,2015-01-01,World,Import,Viet Nam,VNM
907,25870.229469,TOTAL,All Commodities,2015-01-01,World,Import,Slovenia,SVN
908,85509.769906,TOTAL,All Commodities,2015-01-01,World,Import,South Africa,ZAF
909,6002.231852,TOTAL,All Commodities,2015-01-01,World,Import,Zimbabwe,ZWE
910,305266.0323,TOTAL,All Commodities,2015-01-01,World,Import,Spain,ESP
911,1464.295379,TOTAL,All Commodities,2015-01-01,World,Import,Swaziland,SWZ
912,138360.51693,TOTAL,All Commodities,2015-01-01,World,Import,Sweden,SWE
913,253152.460172,TOTAL,All Commodities,2015-01-01,World,Import,Switzerland,CHE
914,202019.428043,TOTAL,All Commodities,2015-01-01,World,Import,Thailand,THA
915,1730.889087,TOTAL,All Commodities,2015-01-01,World,Import,Togo,TGO
916,287024.8475,TOTAL,All Commodities,2015-01-01,World,Import,United Arab Emirates,ARE
917,20222.503107,TOTAL,All Commodities,2015-01-01,World,Import,Tunisia,TUN
918,207206.508911,TOTAL,All Commodities,2015-01-01,World,Import,Turkey,TUR
919,5528.117117,TOTAL,All Commodities,2015-01-01,World,Import,Uganda,UGA
920,37516.15322,TOTAL,All Commodities,2015-01-01,World,Import,Ukraine,UKR
921,6399.822864,TOTAL,All Commodities,2015-01-01,World,Import,North Macedonia,MKD
922,74361.266947,TOTAL,All Commodities,2015-01-01,World,Import,Egypt,EGY
923,630251.057548,TOTAL,All Commodities,2015-01-01,World,Import,United Kingdom,GBR
924,14705.968733,TOTAL,All Commodities,2015-01-01,World,Import,United Rep. of Tanzania,TZA
925,2313424.569327,TOTAL,All Commodities,2015-01-01,World,Import,USA,USA
926,2979.784874,TOTAL,All Commodities,2015-01-01,World,Import,Burkina Faso,BFA
927,9489.416542,TOTAL,All Commodities,2015-01-01,World,Import,Uruguay,URY
928,370.582374,TOTAL,All Commodities,2015-01-01,World,Import,Samoa,WSM
929,6572.822909,TOTAL,All Commodities,2015-01-01,World,Import,Yemen,YEM
930,8419.753552,TOTAL,All Commodities,2015-01-01,World,Import,Zambia,ZMB
931,465.127071,TOTAL,All Commodities,2015-01-01,World,Import,Antigua and Barbuda,ATG
932,456.596903,TOTAL,All Commodities,2015-01-01,World,Import,Central African Rep.,CAF
933,401.710663,TOTAL,All Commodities,2015-01-01,World,Import,Gambia,GMB
934,2185.743674,TOTAL,All Commodities,2015-01-01,World,Import,Guyana,GUY
935,7907.62173,TOTAL,All Commodities,2015-01-01,World,Import,Mozambique,MOZ
936,297.068669,TOTAL,All Commodities,2015-01-01,World,Import,Saint Kitts and Nevis,KNA
937,333.671111,TOTAL,All Commodities,2015-01-01,World,Import,Saint Vincent and the Grenadines,VCT
938,141.847245,TOTAL,All Commodities,2015-01-01,World,Import,Sao Tome and Principe,STP
939,975.247806,TOTAL,All Commodities,2015-01-01,World,Import,Seychelles,SYC
940,1759.408505,TOTAL,All Commodities,2015-01-01,World,Import,Sierra Leone,SLE
941,8413.439462,TOTAL,All Commodities,2015-01-01,World,Import,Sudan,SDN
942,9297.80859,TOTAL,All Commodities,2015-01-01,World,Import,Trinidad and Tobago,TTO
943,7722.865049,TOTAL,ALL COMMODITIES,2015-01-01,World,Import,Afghanistan,AFG
944,1617.853172,TOTAL,ALL COMMODITIES,2015-01-01,World,Import,Barbados,BRB
945,70153.466327,TOTAL,ALL COMMODITIES,2015-01-01,World,Import,Philippines,PHL
946,4669.289913,TOTAL,All Commodities,2016-01-01,World,Import,Albania,ALB
947,47090.683586,TOTAL,All Commodities,2016-01-01,World,Import,Algeria,DZA
948,1354.095936,TOTAL,All Commodities,2016-01-01,World,Import,Andorra,AND
949,8515.807069,TOTAL,All Commodities,2016-01-01,World,Import,Azerbaijan,AZE
950,55609.517491,TOTAL,All Commodities,2016-01-01,World,Import,Argentina,ARG
951,189406.027941,TOTAL,All Commodities,2016-01-01,World,Import,Australia,AUS
952,149987.386054,TOTAL,All Commodities,2016-01-01,World,Import,Austria,AUT
953,14748.539854,TOTAL,All Commodities,2016-01-01,World,Import,Bahrain,BHR
954,3218.457706,TOTAL,All Commodities,2016-01-01,World,Import,Armenia,ARM
955,372712.712544,TOTAL,All Commodities,2016-01-01,World,Import,Belgium,BEL
956,971.42941,TOTAL,All Commodities,2016-01-01,World,Import,Bermuda,BMU
957,8426.932948,TOTAL,All Commodities,2016-01-01,World,Import,Bolivia (Plurinational State of),BOL
958,9141.880413,TOTAL,All Commodities,2016-01-01,World,Import,Bosnia Herzegovina,BIH
959,6102.721575,TOTAL,All Commodities,2016-01-01,World,Import,Botswana,BWA
960,137552.002466,TOTAL,All Commodities,2016-01-01,World,Import,Brazil,BRA
961,952.493786,TOTAL,All Commodities,2016-01-01,World,Import,Belize,BLZ
962,453.853633,TOTAL,All Commodities,2016-01-01,World,Import,Solomon Isds,SLB
963,2678.505864,TOTAL,All Commodities,2016-01-01,World,Import,Brunei Darussalam,BRN
964,28958.139912,TOTAL,All Commodities,2016-01-01,World,Import,Bulgaria,BGR
965,15695.737692,TOTAL,All Commodities,2016-01-01,World,Import,Myanmar,MMR
966,625.328492,TOTAL,All Commodities,2016-01-01,World,Import,Burundi,BDI
967,27609.8837,TOTAL,All Commodities,2016-01-01,World,Import,Belarus,BLR
968,12371.008437,TOTAL,All Commodities,2016-01-01,World,Import,Cambodia,KHM
969,4898.88703,TOTAL,All Commodities,2016-01-01,World,Import,Cameroon,CMR
970,402966.133661,TOTAL,All Commodities,2016-01-01,World,Import,Canada,CAN
971,672.16014,TOTAL,All Commodities,2016-01-01,World,Import,Cabo Verde,CPV
972,401.31971,TOTAL,All Commodities,2016-01-01,World,Import,Central African Rep.,CAF
973,19500.757049,TOTAL,All Commodities,2016-01-01,World,Import,Sri Lanka,LKA
974,58760.906357,TOTAL,All Commodities,2016-01-01,World,Import,Chile,CHL
975,1587920.688162,TOTAL,All Commodities,2016-01-01,World,Import,China,CHN
976,44831.142874,TOTAL,All Commodities,2016-01-01,World,Import,Colombia,COL
977,15321.512292,TOTAL,All Commodities,2016-01-01,World,Import,Costa Rica,CRI
978,21829.864971,TOTAL,All Commodities,2016-01-01,World,Import,Croatia,HRV
979,6604.059335,TOTAL,All Commodities,2016-01-01,World,Import,Cyprus,CYP
980,142327.655949,TOTAL,All Commodities,2016-01-01,World,Import,Czechia,CZE
981,2630.157599,TOTAL,All Commodities,2016-01-01,World,Import,Benin,BEN
982,84427.76062,TOTAL,All Commodities,2016-01-01,World,Import,Denmark,DNK
983,17788.80796,TOTAL,All Commodities,2016-01-01,World,Import,Dominican Rep.,DOM
984,16188.692759,TOTAL,All Commodities,2016-01-01,World,Import,Ecuador,ECU
985,9829.302034,TOTAL,All Commodities,2016-01-01,World,Import,El Salvador,SLV
986,15682.263347,TOTAL,All Commodities,2016-01-01,World,Import,Estonia,EST
987,2316.409857,TOTAL,All Commodities,2016-01-01,World,Import,Fiji,FJI
988,60501.949554,TOTAL,All Commodities,2016-01-01,World,Import,Finland,FIN
989,560554.862702,TOTAL,All Commodities,2016-01-01,World,Import,France,FRA
990,7235.769557,TOTAL,All Commodities,2016-01-01,World,Import,Georgia,GEO
991,5363.768017,TOTAL,All Commodities,2016-01-01,World,Import,State of Palestine,PSE
992,1060672.017229,TOTAL,All Commodities,2016-01-01,World,Import,Germany,DEU
993,11361.004402,TOTAL,All Commodities,2016-01-01,World,Import,Ghana,GHA
994,117.40835,TOTAL,All Commodities,2016-01-01,World,Import,Kiribati,KIR
995,47595.035419,TOTAL,All Commodities,2016-01-01,World,Import,Greece,GRC
996,623.038538,TOTAL,All Commodities,2016-01-01,World,Import,Greenland,GRL
997,16978.677827,TOTAL,All Commodities,2016-01-01,World,Import,Guatemala,GTM
998,7912.040654,TOTAL,All Commodities,2016-01-01,World,Import,Honduras,HND
999,547124.44811,TOTAL,All Commodities,2016-01-01,World,Import,"China, Hong Kong SAR",HKG
1000,92044.319515,TOTAL,All Commodities,2016-01-01,World,Import,Hungary,HUN
1001,5703.240191,TOTAL,All Commodities,2016-01-01,World,Import,Iceland,ISL
1002,135652.799792,TOTAL,All Commodities,2016-01-01,World,Import,Indonesia,IDN
1003,42702.117908,TOTAL,All Commodities,2016-01-01,World,Import,Iran,IRN
1004,82028.942307,TOTAL,All Commodities,2016-01-01,World,Import,Ireland,IRL
1005,65802.693,TOTAL,All Commodities,2016-01-01,World,Import,Israel,ISR
1006,404577.979401,TOTAL,All Commodities,2016-01-01,World,Import,Italy,ITA
1007,8404.078296,TOTAL,All Commodities,2016-01-01,World,Import,C么te d'Ivoire,CIV
1008,4767.089174,TOTAL,All Commodities,2016-01-01,World,Import,Jamaica,JAM
1009,606924.046814,TOTAL,All Commodities,2016-01-01,World,Import,Japan,JPN
1010,25174.778826,TOTAL,All Commodities,2016-01-01,World,Import,Kazakhstan,KAZ
1011,19207.038414,TOTAL,All Commodities,2016-01-01,World,Import,Jordan,JOR
1012,406181.944067,TOTAL,All Commodities,2016-01-01,World,Import,Rep. of Korea,KOR
1013,30820.178692,TOTAL,All Commodities,2016-01-01,World,Import,Kuwait,KWT
1014,3844.473299,TOTAL,All Commodities,2016-01-01,World,Import,Kyrgyzstan,KGZ
1015,4107.068454,TOTAL,All Commodities,2016-01-01,World,Import,Lao People's Dem. Rep.,LAO
1016,18702.745744,TOTAL,All Commodities,2016-01-01,World,Import,Lebanon,LBN
1017,13593.141733,TOTAL,All Commodities,2016-01-01,World,Import,Latvia,LVA
1018,27349.062896,TOTAL,All Commodities,2016-01-01,World,Import,Lithuania,LTU
1019,19123.618193,TOTAL,All Commodities,2016-01-01,World,Import,Luxembourg,LUX
1020,8924.463347,TOTAL,All Commodities,2016-01-01,World,Import,"China, Macao SAR",MAC
1021,2971.710042,TOTAL,All Commodities,2016-01-01,World,Import,Madagascar,MDG
1022,2209.814619,TOTAL,All Commodities,2016-01-01,World,Import,Malawi,MWI
1023,168375.228233,TOTAL,All Commodities,2016-01-01,World,Import,Malaysia,MYS
1024,2127.968569,TOTAL,All Commodities,2016-01-01,World,Import,Maldives,MDV
1025,3845.404761,TOTAL,All Commodities,2016-01-01,World,Import,Mali,MLI
1026,7181.978806,TOTAL,All Commodities,2016-01-01,World,Import,Malta,MLT
1027,2173.837838,TOTAL,All Commodities,2016-01-01,World,Import,Mauritania,MRT
1028,4654.906199,TOTAL,All Commodities,2016-01-01,World,Import,Mauritius,MUS
1029,387064.351348,TOTAL,All Commodities,2016-01-01,World,Import,Mexico,MEX
1030,230930.098259,TOTAL,All Commodities,2016-01-01,World,Import,"Other Asia, nes",
1031,3339.603834,TOTAL,All Commodities,2016-01-01,World,Import,Mongolia,MNG
1032,4020.359283,TOTAL,All Commodities,2016-01-01,World,Import,Rep. of Moldova,MDA
1033,2262.764282,TOTAL,All Commodities,2016-01-01,World,Import,Montenegro,MNE
1034,41696.101721,TOTAL,All Commodities,2016-01-01,World,Import,Morocco,MAR
1035,23260.012444,TOTAL,All Commodities,2016-01-01,World,Import,Oman,OMN
1036,6721.043529,TOTAL,All Commodities,2016-01-01,World,Import,Namibia,NAM
1037,8878.502224,TOTAL,All Commodities,2016-01-01,World,Import,Nepal,NPL
1038,398336.339305,TOTAL,All Commodities,2016-01-01,World,Import,Netherlands,NLD
1039,1116.85539,TOTAL,All Commodities,2016-01-01,World,Import,Aruba,ABW
1040,36213.017538,TOTAL,All Commodities,2016-01-01,World,Import,New Zealand,NZL
1041,7475.805835,TOTAL,All Commodities,2016-01-01,World,Import,Nicaragua,NIC
1042,1860.691131,TOTAL,All Commodities,2016-01-01,World,Import,Niger,NER
1043,35194.301007,TOTAL,All Commodities,2016-01-01,World,Import,Nigeria,NGA
1044,72809.78777,TOTAL,All Commodities,2016-01-01,World,Import,Norway,NOR
1045,153.50845,TOTAL,All Commodities,2016-01-01,World,Import,Palau,PLW
1046,46998.269105,TOTAL,All Commodities,2016-01-01,World,Import,Pakistan,PAK
1047,9238.038728,TOTAL,All Commodities,2016-01-01,World,Import,Panama,PAN
1048,9752.559414,TOTAL,All Commodities,2016-01-01,World,Import,Paraguay,PRY
1049,36147.726687,TOTAL,All Commodities,2016-01-01,World,Import,Peru,PER
1050,188517.818933,TOTAL,All Commodities,2016-01-01,World,Import,Poland,POL
1051,67952.834136,TOTAL,All Commodities,2016-01-01,World,Import,Portugal,PRT
1052,32060.069584,TOTAL,All Commodities,2016-01-01,World,Import,Qatar,QAT
1053,74604.616829,TOTAL,All Commodities,2016-01-01,World,Import,Romania,ROU
1054,182257.21391,TOTAL,All Commodities,2016-01-01,World,Import,Russian Federation,RUS
1055,1778.279113,TOTAL,All Commodities,2016-01-01,World,Import,Rwanda,RWA
1056,668.50369,TOTAL,All Commodities,2016-01-01,World,Import,Saint Lucia,LCA
1057,140169.674678,TOTAL,All Commodities,2016-01-01,World,Import,Saudi Arabia,SAU
1058,5477.91219,TOTAL,All Commodities,2016-01-01,World,Import,Senegal,SEN
1059,19230.912776,TOTAL,All Commodities,2016-01-01,World,Import,Serbia,SRB
1060,356704.792107,TOTAL,All Commodities,2016-01-01,World,Import,India,IND
1061,291908.368784,TOTAL,All Commodities,2016-01-01,World,Import,Singapore,SGP
1062,75144.978379,TOTAL,All Commodities,2016-01-01,World,Import,Slovakia,SVK
1063,174978.350264,TOTAL,All Commodities,2016-01-01,World,Import,Viet Nam,VNM
1064,26690.369758,TOTAL,All Commodities,2016-01-01,World,Import,Slovenia,SVN
1065,74744.010293,TOTAL,All Commodities,2016-01-01,World,Import,South Africa,ZAF
1066,5211.576649,TOTAL,All Commodities,2016-01-01,World,Import,Zimbabwe,ZWE
1067,302538.874349,TOTAL,All Commodities,2016-01-01,World,Import,Spain,ESP
1068,1299.119738,TOTAL,All Commodities,2016-01-01,World,Import,Swaziland,SWZ
1069,141101.222684,TOTAL,All Commodities,2016-01-01,World,Import,Sweden,SWE
1070,269157.232225,TOTAL,All Commodities,2016-01-01,World,Import,Switzerland,CHE
1071,195714.246168,TOTAL,All Commodities,2016-01-01,World,Import,Thailand,THA
1072,1715.643924,TOTAL,All Commodities,2016-01-01,World,Import,Togo,TGO
1073,270882.074394,TOTAL,All Commodities,2016-01-01,World,Import,United Arab Emirates,ARE
1074,19487.207662,TOTAL,All Commodities,2016-01-01,World,Import,Tunisia,TUN
1075,198618.235047,TOTAL,All Commodities,2016-01-01,World,Import,Turkey,TUR
1076,4829.459128,TOTAL,All Commodities,2016-01-01,World,Import,Uganda,UGA
1077,39249.626345,TOTAL,All Commodities,2016-01-01,World,Import,Ukraine,UKR
1078,6757.023458,TOTAL,All Commodities,2016-01-01,World,Import,North Macedonia,MKD
1079,58052.631649,TOTAL,All Commodities,2016-01-01,World,Import,Egypt,EGY
1080,636367.936193,TOTAL,All Commodities,2016-01-01,World,Import,United Kingdom,GBR
1081,7876.086602,TOTAL,All Commodities,2016-01-01,World,Import,United Rep. of Tanzania,TZA
1082,2248208.943026,TOTAL,All Commodities,2016-01-01,World,Import,USA,USA
1083,3342.727115,TOTAL,All Commodities,2016-01-01,World,Import,Burkina Faso,BFA
1084,8136.629138,TOTAL,All Commodities,2016-01-01,World,Import,Uruguay,URY
1085,349.840565,TOTAL,All Commodities,2016-01-01,World,Import,Samoa,WSM
1086,490.525305,TOTAL,All Commodities,2016-01-01,World,Import,Antigua and Barbuda,ATG
1087,19120.743254,TOTAL,All Commodities,2016-01-01,World,Import,Ethiopia,ETH
1088,384.337736,TOTAL,All Commodities,2016-01-01,World,Import,Gambia,GMB
1089,1624.985848,TOTAL,All Commodities,2016-01-01,World,Import,Guyana,GUY
1090,5295.312574,TOTAL,All Commodities,2016-01-01,World,Import,Mozambique,MOZ
1091,333.779255,TOTAL,All Commodities,2016-01-01,World,Import,Saint Kitts and Nevis,KNA
1092,334.767433,TOTAL,All Commodities,2016-01-01,World,Import,Saint Vincent and the Grenadines,VCT
1093,139.352022,TOTAL,All Commodities,2016-01-01,World,Import,Sao Tome and Principe,STP
1094,1647.989714,TOTAL,All Commodities,2016-01-01,World,Import,Seychelles,SYC
1095,957.927386,TOTAL,All Commodities,2016-01-01,World,Import,Sierra Leone,SLE
1096,1174.215974,TOTAL,All Commodities,2016-01-01,World,Import,Suriname,SUR
1097,6534.140413,TOTAL,ALL COMMODITIES,2016-01-01,World,Import,Afghanistan,AFG
1098,1621.269759,TOTAL,ALL COMMODITIES,2016-01-01,World,Import,Barbados,BRB
1099,85908.572116,TOTAL,ALL COMMODITIES,2016-01-01,World,Import,Philippines,PHL
1100,5293.901931,TOTAL,All Commodities,2017-01-01,World,Import,Albania,ALB
1101,46053.015989,TOTAL,All Commodities,2017-01-01,World,Import,Algeria,DZA
1102,1478.292965,TOTAL,All Commodities,2017-01-01,World,Import,Andorra,AND
1103,228441.736928,TOTAL,All Commodities,2017-01-01,World,Import,Australia,AUS
1104,166475.08097,TOTAL,All Commodities,2017-01-01,World,Import,Austria,AUT
1105,3893.454903,TOTAL,All Commodities,2017-01-01,World,Import,Armenia,ARM
1106,406412.281148,TOTAL,All Commodities,2017-01-01,World,Import,Belgium,BEL
1107,1078.213784,TOTAL,All Commodities,2017-01-01,World,Import,Bermuda,BMU
1108,9302.385887,TOTAL,All Commodities,2017-01-01,World,Import,Bolivia (Plurinational State of),BOL
1109,10444.46563,TOTAL,All Commodities,2017-01-01,World,Import,Bosnia Herzegovina,BIH
1110,150749.452449,TOTAL,All Commodities,2017-01-01,World,Import,Brazil,BRA
1111,3084.533899,TOTAL,All Commodities,2017-01-01,World,Import,Brunei Darussalam,BRN
1112,34263.590069,TOTAL,All Commodities,2017-01-01,World,Import,Bulgaria,BGR
1113,19253.455102,TOTAL,All Commodities,2017-01-01,World,Import,Myanmar,MMR
1114,34234.8492,TOTAL,All Commodities,2017-01-01,World,Import,Belarus,BLR
1115,432405.19066,TOTAL,All Commodities,2017-01-01,World,Import,Canada,CAN
1116,21316.19995,TOTAL,All Commodities,2017-01-01,World,Import,Sri Lanka,LKA
1117,65061.731101,TOTAL,All Commodities,2017-01-01,World,Import,Chile,CHL
1118,1843792.938795,TOTAL,All Commodities,2017-01-01,World,Import,China,CHN
1119,46050.188812,TOTAL,All Commodities,2017-01-01,World,Import,Colombia,COL
1120,4553.448296,TOTAL,All Commodities,2017-01-01,World,Import,Congo,COG
1121,16352.350364,TOTAL,All Commodities,2017-01-01,World,Import,Costa Rica,CRI
1122,24512.646924,TOTAL,All Commodities,2017-01-01,World,Import,Croatia,HRV
1123,9308.162125,TOTAL,All Commodities,2017-01-01,World,Import,Cyprus,CYP
1124,162898.931578,TOTAL,All Commodities,2017-01-01,World,Import,Czechia,CZE
1125,92120.886507,TOTAL,All Commodities,2017-01-01,World,Import,Denmark,DNK
1126,19524.253471,TOTAL,All Commodities,2017-01-01,World,Import,Dominican Rep.,DOM
1127,19844.93284,TOTAL,All Commodities,2017-01-01,World,Import,Ecuador,ECU
1128,10592.788531,TOTAL,All Commodities,2017-01-01,World,Import,El Salvador,SLV
1129,17358.033575,TOTAL,All Commodities,2017-01-01,World,Import,Estonia,EST
1130,2419.936788,TOTAL,All Commodities,2017-01-01,World,Import,Fiji,FJI
1131,70100.319875,TOTAL,All Commodities,2017-01-01,World,Import,Finland,FIN
1132,613132.639717,TOTAL,All Commodities,2017-01-01,World,Import,France,FRA
1133,1167753.355161,TOTAL,All Commodities,2017-01-01,World,Import,Germany,DEU
1134,55300.597553,TOTAL,All Commodities,2017-01-01,World,Import,Greece,GRC
1135,18377.914375,TOTAL,All Commodities,2017-01-01,World,Import,Guatemala,GTM
1136,8612.241191,TOTAL,All Commodities,2017-01-01,World,Import,Honduras,HND
1137,589317.44032,TOTAL,All Commodities,2017-01-01,World,Import,"China, Hong Kong SAR",HKG
1138,104283.798638,TOTAL,All Commodities,2017-01-01,World,Import,Hungary,HUN
1139,6970.762505,TOTAL,All Commodities,2017-01-01,World,Import,Iceland,ISL
1140,156925.129942,TOTAL,All Commodities,2017-01-01,World,Import,Indonesia,IDN
1141,51612.276867,TOTAL,All Commodities,2017-01-01,World,Import,Iran,IRN
1142,88828.357456,TOTAL,All Commodities,2017-01-01,World,Import,Ireland,IRL
1143,69115.976,TOTAL,All Commodities,2017-01-01,World,Import,Israel,ISR
1144,451415.534842,TOTAL,All Commodities,2017-01-01,World,Import,Italy,ITA
1145,671474.306095,TOTAL,All Commodities,2017-01-01,World,Import,Japan,JPN
1146,29345.935356,TOTAL,All Commodities,2017-01-01,World,Import,Kazakhstan,KAZ
1147,20407.329339,TOTAL,All Commodities,2017-01-01,World,Import,Jordan,JOR
1148,478469.167573,TOTAL,All Commodities,2017-01-01,World,Import,Rep. of Korea,KOR
1149,33589.651936,TOTAL,All Commodities,2017-01-01,World,Import,Kuwait,KWT
1150,4487.291617,TOTAL,All Commodities,2017-01-01,World,Import,Kyrgyzstan,KGZ
1151,140411.757521,TOTAL,All Commodities,2017-01-01,World,Import,Lebanon,LBN
1152,2065.571364,TOTAL,All Commodities,2017-01-01,World,Import,Lesotho,LSO
1153,15897.395352,TOTAL,All Commodities,2017-01-01,World,Import,Latvia,LVA
1154,30978.718199,TOTAL,All Commodities,2017-01-01,World,Import,Lithuania,LTU
1155,21070.831564,TOTAL,All Commodities,2017-01-01,World,Import,Luxembourg,LUX
1156,3654.467201,TOTAL,All Commodities,2017-01-01,World,Import,Madagascar,MDG
1157,193855.940671,TOTAL,All Commodities,2017-01-01,World,Import,Malaysia,MYS
1158,2359.606355,TOTAL,All Commodities,2017-01-01,World,Import,Maldives,MDV
1159,5269.484338,TOTAL,All Commodities,2017-01-01,World,Import,Mauritius,MUS
1160,259609.174581,TOTAL,All Commodities,2017-01-01,World,Import,"Other Asia, nes",
1161,4337.319902,TOTAL,All Commodities,2017-01-01,World,Import,Mongolia,MNG
1162,2610.535972,TOTAL,All Commodities,2017-01-01,World,Import,Montenegro,MNE
1163,45039.093063,TOTAL,All Commodities,2017-01-01,World,Import,Morocco,MAR
1164,26434.873449,TOTAL,All Commodities,2017-01-01,World,Import,Oman,OMN
1165,6778.202853,TOTAL,All Commodities,2017-01-01,World,Import,Namibia,NAM
1166,450075.697537,TOTAL,All Commodities,2017-01-01,World,Import,Netherlands,NLD
1167,40128.439163,TOTAL,All Commodities,2017-01-01,World,Import,New Zealand,NZL
1168,7703.836557,TOTAL,All Commodities,2017-01-01,World,Import,Nicaragua,NIC
1169,85525.862977,TOTAL,All Commodities,2017-01-01,World,Import,Norway,NOR
1170,57440.0125,TOTAL,All Commodities,2017-01-01,World,Import,Pakistan,PAK
1171,11873.407129,TOTAL,All Commodities,2017-01-01,World,Import,Paraguay,PRY
1172,39763.913902,TOTAL,All Commodities,2017-01-01,World,Import,Peru,PER
1173,217978.575741,TOTAL,All Commodities,2017-01-01,World,Import,Poland,POL
1174,77833.79215,TOTAL,All Commodities,2017-01-01,World,Import,Portugal,PRT
1175,85318.177451,TOTAL,All Commodities,2017-01-01,World,Import,Romania,ROU
1176,228212.749973,TOTAL,All Commodities,2017-01-01,World,Import,Russian Federation,RUS
1177,22146.377217,TOTAL,All Commodities,2017-01-01,World,Import,Serbia,SRB
1178,444052.353836,TOTAL,All Commodities,2017-01-01,World,Import,India,IND
1179,82993.834585,TOTAL,All Commodities,2017-01-01,World,Import,Slovakia,SVK
1180,31149.443532,TOTAL,All Commodities,2017-01-01,World,Import,Slovenia,SVN
1181,83030.756599,TOTAL,All Commodities,2017-01-01,World,Import,South Africa,ZAF
1182,350921.561671,TOTAL,All Commodities,2017-01-01,World,Import,Spain,ESP
1183,10276.864989,TOTAL,All Commodities,2017-01-01,World,Import,Sudan,SDN
1184,154194.610513,TOTAL,All Commodities,2017-01-01,World,Import,Sweden,SWE
1185,267501.495875,TOTAL,All Commodities,2017-01-01,World,Import,Switzerland,CHE
1186,270954.967625,TOTAL,All Commodities,2017-01-01,World,Import,United Arab Emirates,ARE
1187,233799.651234,TOTAL,All Commodities,2017-01-01,World,Import,Turkey,TUR
1188,7719.12813,TOTAL,All Commodities,2017-01-01,World,Import,North Macedonia,MKD
1189,641332.435861,TOTAL,All Commodities,2017-01-01,World,Import,United Kingdom,GBR
1190,7765.411242,TOTAL,All Commodities,2017-01-01,World,Import,United Rep. of Tanzania,TZA
1191,2407390.18946,TOTAL,All Commodities,2017-01-01,World,Import,USA,USA
1192,8457.876667,TOTAL,All Commodities,2017-01-01,World,Import,Uruguay,URY
1193,8773.916647,TOTAL,All Commodities,2017-01-01,World,Import,Zambia,ZMB
1194,8766.505242,TOTAL,All Commodities,2017-01-01,World,Import,Azerbaijan,AZE
1195,66899.299586,TOTAL,All Commodities,2017-01-01,World,Import,Argentina,ARG
1196,5284.230565,TOTAL,All Commodities,2017-01-01,World,Import,Botswana,BWA
1197,913.130452,TOTAL,All Commodities,2017-01-01,World,Import,Belize,BLZ
1198,571.770024,TOTAL,All Commodities,2017-01-01,World,Import,Solomon Isds,SLB
1199,783.299126,TOTAL,All Commodities,2017-01-01,World,Import,Burundi,BDI
1200,5183.629302,TOTAL,All Commodities,2017-01-01,World,Import,Cameroon,CMR
1201,793.599019,TOTAL,All Commodities,2017-01-01,World,Import,Cabo Verde,CPV
1202,418.721339,TOTAL,All Commodities,2017-01-01,World,Import,Central African Rep.,CAF
1203,3060.069912,TOTAL,All Commodities,2017-01-01,World,Import,Benin,BEN
1204,7939.237473,TOTAL,All Commodities,2017-01-01,World,Import,Georgia,GEO
1205,548.847434,TOTAL,All Commodities,2017-01-01,World,Import,Gambia,GMB
1206,12718.141844,TOTAL,All Commodities,2017-01-01,World,Import,Ghana,GHA
1207,9604.833854,TOTAL,All Commodities,2017-01-01,World,Import,C么te d'Ivoire,CIV
1208,5818.098181,TOTAL,All Commodities,2017-01-01,World,Import,Jamaica,JAM
1209,16690.197046,TOTAL,All Commodities,2017-01-01,World,Import,Kenya,KEN
1210,2547.041799,TOTAL,All Commodities,2017-01-01,World,Import,Malawi,MWI
1211,4336.565281,TOTAL,All Commodities,2017-01-01,World,Import,Mali,MLI
1212,3522.418198,TOTAL,All Commodities,2017-01-01,World,Import,Mauritania,MRT
1213,420369.113272,TOTAL,All Commodities,2017-01-01,World,Import,Mexico,MEX
1214,5701.705181,TOTAL,All Commodities,2017-01-01,World,Import,Mozambique,MOZ
1215,10037.840171,TOTAL,All Commodities,2017-01-01,World,Import,Nepal,NPL
1216,1188.584682,TOTAL,All Commodities,2017-01-01,World,Import,Aruba,ABW
1217,31270.090265,TOTAL,All Commodities,2017-01-01,World,Import,Nigeria,NGA
1218,157.813256,TOTAL,All Commodities,2017-01-01,World,Import,Palau,PLW
1219,101889.431966,TOTAL,All Commodities,2017-01-01,World,Import,Philippines,PHL
1220,663.692157,TOTAL,All Commodities,2017-01-01,World,Import,Saint Lucia,LCA
1221,6728.671863,TOTAL,All Commodities,2017-01-01,World,Import,Senegal,SEN
1222,327709.713161,TOTAL,All Commodities,2017-01-01,World,Import,Singapore,SGP
1223,213215.299139,TOTAL,All Commodities,2017-01-01,World,Import,Viet Nam,VNM
1224,4962.102713,TOTAL,All Commodities,2017-01-01,World,Import,Zimbabwe,ZWE
1225,1608.219102,TOTAL,All Commodities,2017-01-01,World,Import,Swaziland,SWZ
1226,1614.920872,TOTAL,All Commodities,2017-01-01,World,Import,Togo,TGO
1227,20618.072727,TOTAL,All Commodities,2017-01-01,World,Import,Tunisia,TUN
1228,5595.903639,TOTAL,All Commodities,2017-01-01,World,Import,Uganda,UGA
1229,49439.155766,TOTAL,All Commodities,2017-01-01,World,Import,Ukraine,UKR
1230,66338.776349,TOTAL,All Commodities,2017-01-01,World,Import,Egypt,EGY
1231,3717.113992,TOTAL,All Commodities,2017-01-01,World,Import,Burkina Faso,BFA
1232,356.189844,TOTAL,All Commodities,2017-01-01,World,Import,Samoa,WSM
1233,629.819171,TOTAL,All Commodities,2017-01-01,World,Import,Antigua and Barbuda,ATG
1234,1761.552833,TOTAL,All Commodities,2017-01-01,World,Import,Guyana,GUY
1235,308.946849,TOTAL,All Commodities,2017-01-01,World,Import,Saint Kitts and Nevis,KNA
1236,329.952436,TOTAL,All Commodities,2017-01-01,World,Import,Saint Vincent and the Grenadines,VCT
1237,147.049579,TOTAL,All Commodities,2017-01-01,World,Import,Sao Tome and Principe,STP
1238,1348.462645,TOTAL,All Commodities,2017-01-01,World,Import,Seychelles,SYC
1239,1073.617079,TOTAL,All Commodities,2017-01-01,World,Import,Sierra Leone,SLE
1240,1208.805023,TOTAL,All Commodities,2017-01-01,World,Import,Suriname,SUR
1241,1599.597494,TOTAL,ALL COMMODITIES,2017-01-01,World,Import,Barbados,BRB
1242,588.047302,TOTAL,ALL COMMODITIES,2017-01-01,World,Import,Timor-Leste,TLS
